-- phpMyAdmin SQL Dump
-- version 5.2.2
-- https://www.phpmyadmin.net/
--
-- Host: easyroom-dev-panyakorn-easyroom-db.h.aivencloud.com:18123
-- Generation Time: Apr 08, 2025 at 07:19 PM
-- Server version: 8.0.35
-- PHP Version: 8.2.27

SET SQL_MODE = "NO_AUTO_VALUE_ON_ZERO";
START TRANSACTION;
SET time_zone = "+00:00";


/*!40101 SET @OLD_CHARACTER_SET_CLIENT=@@CHARACTER_SET_CLIENT */;
/*!40101 SET @OLD_CHARACTER_SET_RESULTS=@@CHARACTER_SET_RESULTS */;
/*!40101 SET @OLD_COLLATION_CONNECTION=@@COLLATION_CONNECTION */;
/*!40101 SET NAMES utf8mb4 */;

--
-- Database: `easyroom`
--

-- --------------------------------------------------------
USE easyroom;
--
-- Table structure for table `admin`
--

CREATE TABLE `admin` (
  `admin_id` varchar(8) NOT NULL,
  `full_name` varchar(100) NOT NULL,
  `department` varchar(100) NOT NULL,
  `faculty` varchar(100) NOT NULL,
  `email` varchar(100) NOT NULL,
  `phone_number` varchar(10) NOT NULL,
  `role` enum('ผู้ดูแลห้อง') NOT NULL
) ENGINE=InnoDB DEFAULT CHARSET=utf8mb4 COLLATE=utf8mb4_0900_ai_ci;

--
-- Dumping data for table `admin`
--

INSERT INTO `admin` (`admin_id`, `full_name`, `department`, `faculty`, `email`, `phone_number`, `role`) VALUES
('ADCS5624', 'นายธราศักดิ์ ชุนกองฮอง', 'วิทยาการคอมพิวเตอร์', 'คณะวิทยาศาสตร์', 'tharasak@nu.ac.th', '0865423654', 'ผู้ดูแลห้อง'),
('ADCS7823', 'นายยุทธพงษ์ คงถาวร', 'วิทยาการคอมพิวเตอร์', 'คณะวิทยาศาสตร์', 'yutthapong@nu.ac.th', '0562314598', 'ผู้ดูแลห้อง');

-- --------------------------------------------------------

--
-- Table structure for table `computer_management`
--

CREATE TABLE `computer_management` (
  `computer_id` int NOT NULL,
  `room_id` varchar(6) NOT NULL,
  `computer_status` enum('ใช้งานได้','ใช้งานไม่ได้') NOT NULL
) ENGINE=InnoDB DEFAULT CHARSET=utf8mb4 COLLATE=utf8mb4_0900_ai_ci;

--
-- Dumping data for table `computer_management`
--

INSERT INTO `computer_management` (`computer_id`, `room_id`, `computer_status`) VALUES
(1, '307', 'ใช้งานได้'),
(1, '308', 'ใช้งานไม่ได้'),
(1, '408', 'ใช้งานได้'),
(1, '414', 'ใช้งานไม่ได้'),
(2, '307', 'ใช้งานได้'),
(2, '308', 'ใช้งานไม่ได้'),
(2, '408', 'ใช้งานได้'),
(2, '414', 'ใช้งานไม่ได้'),
(3, '307', 'ใช้งานได้'),
(3, '308', 'ใช้งานไม่ได้'),
(3, '408', 'ใช้งานได้'),
(3, '414', 'ใช้งานไม่ได้'),
(4, '307', 'ใช้งานไม่ได้'),
(4, '308', 'ใช้งานได้'),
(4, '408', 'ใช้งานได้'),
(4, '414', 'ใช้งานได้'),
(5, '307', 'ใช้งานไม่ได้'),
(5, '308', 'ใช้งานได้'),
(5, '408', 'ใช้งานได้'),
(5, '414', 'ใช้งานไม่ได้'),
(6, '307', 'ใช้งานไม่ได้'),
(6, '308', 'ใช้งานได้'),
(6, '408', 'ใช้งานได้'),
(6, '414', 'ใช้งานได้'),
(7, '307', 'ใช้งานได้'),
(7, '308', 'ใช้งานได้'),
(7, '408', 'ใช้งานได้'),
(7, '414', 'ใช้งานได้'),
(8, '307', 'ใช้งานได้'),
(8, '308', 'ใช้งานไม่ได้'),
(8, '408', 'ใช้งานได้'),
(8, '414', 'ใช้งานได้'),
(9, '307', 'ใช้งานได้'),
(9, '308', 'ใช้งานได้'),
(9, '408', 'ใช้งานได้'),
(9, '414', 'ใช้งานได้'),
(10, '307', 'ใช้งานไม่ได้'),
(10, '308', 'ใช้งานได้'),
(10, '408', 'ใช้งานได้'),
(10, '414', 'ใช้งานไม่ได้'),
(11, '307', 'ใช้งานได้'),
(11, '308', 'ใช้งานไม่ได้'),
(11, '408', 'ใช้งานได้'),
(11, '414', 'ใช้งานได้'),
(12, '307', 'ใช้งานได้'),
(12, '308', 'ใช้งานไม่ได้'),
(12, '408', 'ใช้งานได้'),
(12, '414', 'ใช้งานได้'),
(13, '307', 'ใช้งานได้'),
(13, '308', 'ใช้งานไม่ได้'),
(13, '408', 'ใช้งานได้'),
(13, '414', 'ใช้งานได้'),
(14, '307', 'ใช้งานได้'),
(14, '308', 'ใช้งานไม่ได้'),
(14, '408', 'ใช้งานได้'),
(14, '414', 'ใช้งานได้'),
(15, '307', 'ใช้งานได้'),
(15, '308', 'ใช้งานได้'),
(15, '408', 'ใช้งานได้'),
(15, '414', 'ใช้งานได้'),
(16, '307', 'ใช้งานได้'),
(16, '308', 'ใช้งานไม่ได้'),
(16, '408', 'ใช้งานได้'),
(16, '414', 'ใช้งานได้'),
(17, '307', 'ใช้งานได้'),
(17, '308', 'ใช้งานไม่ได้'),
(17, '408', 'ใช้งานได้'),
(17, '414', 'ใช้งานได้'),
(18, '307', 'ใช้งานได้'),
(18, '308', 'ใช้งานได้'),
(18, '408', 'ใช้งานได้'),
(18, '414', 'ใช้งานได้'),
(19, '307', 'ใช้งานได้'),
(19, '308', 'ใช้งานได้'),
(19, '408', 'ใช้งานได้'),
(19, '414', 'ใช้งานได้'),
(20, '307', 'ใช้งานได้'),
(20, '308', 'ใช้งานได้'),
(20, '408', 'ใช้งานไม่ได้'),
(20, '414', 'ใช้งานได้'),
(21, '307', 'ใช้งานได้'),
(21, '308', 'ใช้งานไม่ได้'),
(21, '408', 'ใช้งานได้'),
(21, '414', 'ใช้งานได้'),
(22, '307', 'ใช้งานได้'),
(22, '308', 'ใช้งานไม่ได้'),
(22, '408', 'ใช้งานได้'),
(22, '414', 'ใช้งานได้'),
(23, '307', 'ใช้งานได้'),
(23, '308', 'ใช้งานไม่ได้'),
(23, '408', 'ใช้งานได้'),
(23, '414', 'ใช้งานได้'),
(24, '307', 'ใช้งานได้'),
(24, '308', 'ใช้งานได้'),
(24, '408', 'ใช้งานได้'),
(24, '414', 'ใช้งานได้'),
(25, '307', 'ใช้งานไม่ได้'),
(25, '308', 'ใช้งานได้'),
(25, '408', 'ใช้งานได้'),
(25, '414', 'ใช้งานไม่ได้'),
(26, '307', 'ใช้งานไม่ได้'),
(26, '308', 'ใช้งานไม่ได้'),
(26, '408', 'ใช้งานได้'),
(26, '414', 'ใช้งานได้'),
(27, '307', 'ใช้งานได้'),
(27, '308', 'ใช้งานได้'),
(27, '408', 'ใช้งานได้'),
(27, '414', 'ใช้งานได้'),
(28, '307', 'ใช้งานได้'),
(28, '308', 'ใช้งานได้'),
(28, '408', 'ใช้งานได้'),
(28, '414', 'ใช้งานได้'),
(29, '307', 'ใช้งานได้'),
(29, '308', 'ใช้งานไม่ได้'),
(29, '408', 'ใช้งานได้'),
(29, '414', 'ใช้งานได้'),
(30, '307', 'ใช้งานได้'),
(30, '308', 'ใช้งานได้'),
(30, '408', 'ใช้งานได้'),
(30, '414', 'ใช้งานได้'),
(31, '307', 'ใช้งานได้'),
(31, '308', 'ใช้งานไม่ได้'),
(31, '408', 'ใช้งานได้'),
(31, '414', 'ใช้งานได้'),
(32, '307', 'ใช้งานได้'),
(32, '308', 'ใช้งานไม่ได้'),
(32, '408', 'ใช้งานได้'),
(32, '414', 'ใช้งานได้'),
(33, '307', 'ใช้งานได้'),
(33, '308', 'ใช้งานไม่ได้'),
(33, '408', 'ใช้งานได้'),
(33, '414', 'ใช้งานได้'),
(34, '307', 'ใช้งานได้'),
(34, '308', 'ใช้งานได้'),
(34, '408', 'ใช้งานได้'),
(34, '414', 'ใช้งานได้'),
(35, '307', 'ใช้งานได้'),
(35, '308', 'ใช้งานได้'),
(35, '408', 'ใช้งานได้'),
(35, '414', 'ใช้งานได้'),
(36, '307', 'ใช้งานได้'),
(36, '308', 'ใช้งานได้'),
(36, '408', 'ใช้งานได้'),
(36, '414', 'ใช้งานได้'),
(37, '307', 'ใช้งานได้'),
(37, '308', 'ใช้งานได้'),
(37, '408', 'ใช้งานได้'),
(37, '414', 'ใช้งานได้'),
(38, '307', 'ใช้งานได้'),
(38, '308', 'ใช้งานได้'),
(38, '408', 'ใช้งานได้'),
(38, '414', 'ใช้งานได้'),
(39, '307', 'ใช้งานได้'),
(39, '308', 'ใช้งานได้'),
(39, '408', 'ใช้งานได้'),
(39, '414', 'ใช้งานได้'),
(40, '307', 'ใช้งานได้'),
(40, '308', 'ใช้งานได้'),
(40, '408', 'ใช้งานได้'),
(40, '414', 'ใช้งานได้'),
(41, '307', 'ใช้งานได้'),
(41, '308', 'ใช้งานไม่ได้'),
(41, '408', 'ใช้งานได้'),
(41, '414', 'ใช้งานได้'),
(42, '307', 'ใช้งานได้'),
(42, '308', 'ใช้งานไม่ได้'),
(42, '408', 'ใช้งานได้'),
(42, '414', 'ใช้งานได้'),
(43, '307', 'ใช้งานได้'),
(43, '308', 'ใช้งานไม่ได้'),
(43, '408', 'ใช้งานไม่ได้'),
(43, '414', 'ใช้งานได้'),
(44, '307', 'ใช้งานได้'),
(44, '308', 'ใช้งานได้'),
(44, '408', 'ใช้งานได้'),
(44, '414', 'ใช้งานได้'),
(45, '307', 'ใช้งานได้'),
(45, '308', 'ใช้งานได้'),
(45, '408', 'ใช้งานได้'),
(45, '414', 'ใช้งานได้'),
(46, '307', 'ใช้งานได้'),
(46, '308', 'ใช้งานไม่ได้'),
(46, '408', 'ใช้งานได้'),
(46, '414', 'ใช้งานได้'),
(47, '307', 'ใช้งานได้'),
(47, '308', 'ใช้งานไม่ได้'),
(47, '408', 'ใช้งานได้'),
(47, '414', 'ใช้งานไม่ได้'),
(48, '307', 'ใช้งานได้'),
(48, '308', 'ใช้งานได้'),
(48, '408', 'ใช้งานได้'),
(48, '414', 'ใช้งานได้'),
(49, '307', 'ใช้งานได้'),
(49, '408', 'ใช้งานได้'),
(49, '414', 'ใช้งานได้'),
(50, '307', 'ใช้งานได้'),
(50, '408', 'ใช้งานได้'),
(50, '414', 'ใช้งานได้'),
(51, '307', 'ใช้งานได้'),
(51, '408', 'ใช้งานได้'),
(51, '414', 'ใช้งานได้'),
(52, '307', 'ใช้งานได้'),
(52, '408', 'ใช้งานได้'),
(52, '414', 'ใช้งานได้'),
(53, '307', 'ใช้งานได้'),
(53, '408', 'ใช้งานได้'),
(53, '414', 'ใช้งานได้'),
(54, '307', 'ใช้งานได้'),
(54, '408', 'ใช้งานได้'),
(54, '414', 'ใช้งานได้'),
(55, '307', 'ใช้งานได้'),
(55, '408', 'ใช้งานได้'),
(55, '414', 'ใช้งานได้'),
(56, '307', 'ใช้งานได้'),
(56, '408', 'ใช้งานได้'),
(56, '414', 'ใช้งานได้'),
(57, '307', 'ใช้งานได้'),
(57, '408', 'ใช้งานได้'),
(57, '414', 'ใช้งานได้'),
(58, '307', 'ใช้งานได้'),
(58, '408', 'ใช้งานได้'),
(58, '414', 'ใช้งานได้'),
(59, '307', 'ใช้งานได้'),
(59, '408', 'ใช้งานได้'),
(59, '414', 'ใช้งานได้'),
(60, '307', 'ใช้งานได้'),
(60, '408', 'ใช้งานได้'),
(60, '414', 'ใช้งานไม่ได้'),
(61, '307', 'ใช้งานได้'),
(61, '408', 'ใช้งานได้'),
(61, '414', 'ใช้งานได้'),
(62, '307', 'ใช้งานได้'),
(62, '408', 'ใช้งานได้'),
(62, '414', 'ใช้งานได้'),
(63, '307', 'ใช้งานได้'),
(63, '408', 'ใช้งานได้'),
(63, '414', 'ใช้งานได้'),
(64, '307', 'ใช้งานได้'),
(64, '408', 'ใช้งานได้'),
(64, '414', 'ใช้งานได้'),
(65, '307', 'ใช้งานได้'),
(65, '408', 'ใช้งานได้'),
(65, '414', 'ใช้งานได้'),
(66, '307', 'ใช้งานได้'),
(66, '408', 'ใช้งานได้'),
(66, '414', 'ใช้งานได้'),
(67, '307', 'ใช้งานได้'),
(67, '408', 'ใช้งานได้'),
(67, '414', 'ใช้งานได้'),
(68, '307', 'ใช้งานได้'),
(68, '408', 'ใช้งานไม่ได้'),
(68, '414', 'ใช้งานได้'),
(69, '307', 'ใช้งานได้'),
(69, '408', 'ใช้งานได้'),
(69, '414', 'ใช้งานได้'),
(70, '307', 'ใช้งานได้'),
(70, '408', 'ใช้งานได้'),
(70, '414', 'ใช้งานได้'),
(71, '307', 'ใช้งานได้'),
(71, '414', 'ใช้งานได้'),
(72, '307', 'ใช้งานได้'),
(72, '414', 'ใช้งานได้'),
(73, '307', 'ใช้งานได้'),
(73, '414', 'ใช้งานได้'),
(74, '307', 'ใช้งานได้'),
(74, '414', 'ใช้งานได้'),
(75, '307', 'ใช้งานได้'),
(75, '414', 'ใช้งานได้'),
(76, '307', 'ใช้งานได้'),
(76, '414', 'ใช้งานได้'),
(77, '307', 'ใช้งานได้'),
(77, '414', 'ใช้งานไม่ได้'),
(78, '307', 'ใช้งานได้'),
(78, '414', 'ใช้งานไม่ได้'),
(79, '307', 'ใช้งานไม่ได้'),
(79, '414', 'ใช้งานไม่ได้'),
(80, '307', 'ใช้งานได้'),
(80, '414', 'ใช้งานได้');

-- --------------------------------------------------------

--
-- Table structure for table `equipment`
--

CREATE TABLE `equipment` (
  `equipment_id` int NOT NULL,
  `equipment_name` varchar(100) NOT NULL
) ENGINE=InnoDB DEFAULT CHARSET=utf8mb4 COLLATE=utf8mb4_0900_ai_ci;

--
-- Dumping data for table `equipment`
--

INSERT INTO `equipment` (`equipment_id`, `equipment_name`) VALUES
(1, 'สายไฟ'),
(2, 'เก้าอี้'),
(3, 'โต๊ะ'),
(4, 'จอคอมพิวเตอร์'),
(5, 'โปรเจคเตอร์'),
(6, 'ทีวี'),
(7, 'เครื่องปรับอากาศ'),
(8, 'วิชวลไลเซอร์'),
(9, 'Hub'),
(10, 'Router'),
(11, 'Switch'),
(12, 'พอยเตอร์'),
(13, 'เม้าส์'),
(14, 'คีย์บอร์ด'),
(15, 'ปลั๊กไฟ'),
(16, 'เสียงไมค์'),
(17, 'คอมพิวเตอร์');

-- --------------------------------------------------------

--
-- Table structure for table `equipment_brokened`
--

CREATE TABLE `equipment_brokened` (
  `repair_number` varchar(20) NOT NULL,
  `repair_date` datetime NOT NULL,
  `student_id` varchar(8) DEFAULT NULL,
  `teacher_id` varchar(8) DEFAULT NULL,
  `room_id` varchar(6) NOT NULL,
  `equipment_id` int NOT NULL,
  `computer_id` int DEFAULT NULL,
  `admin_id` varchar(8) DEFAULT NULL,
  `repair_status` enum('รอซ่อม','รับเรื่องแล้ว','กำลังจัดซื้อ','กำลังซ่อม','ซ่อมสำเร็จ') NOT NULL,
  `damage` enum('สายไฟชำรุด','สายไฟขาด','ปลั๊กไฟหลวม','ขาเก้าอี้หัก','เบาะชำรุด','พนักพิงหลุด','ขาโต๊ะหัก','พื้นโต๊ะมีรอย','โต๊ะโยก','หน้าจอไม่ติด','จอมีรอยแตก','ภาพไม่ชัด','โปรเจคเตอร์ไม่ติด','ภาพเบลอ','รีโมทไม่ทำงาน','ทีวีไม่ติด','เสียงไม่ออก','จอภาพไม่ชัด','ไม่มีความเย็น','มีน้ำหยด','เปิดไม่ติด','เครื่องไม่ทำงาน','ภาพไม่ขึ้น','พอร์ตไม่ทำงาน','ไฟไม่ติด','อุปกรณ์ไม่เชื่อมต่อ','ไม่มีสัญญาณ','เชื่อมต่อช้า','อุปกรณ์ไม่ตอบสนอง','ไฟสถานะไม่ขึ้น','แบตเตอรี่หมด','แสงไม่ออก','ปุ่มกดเสีย','ปุ่มคลิกไม่ทำงาน','ตัวชี้เมาส์ไม่ขยับ','สายเมาส์ชำรุด','ปุ่มกดไม่ติด','ปุ่มบางตัวหลุด','แสงไฟไม่ติด','ปลั๊กไฟชำรุด','สายไฟหลวม','ไฟไม่ออก','ไมค์ไม่มีเสียง','เสียงขาดหาย','ไมค์ไม่เชื่อมต่อ','เครื่องไม่เปิด','หน้าจอไม่แสดงผล','คีย์บอร์ดหรือเมาส์ไม่ตอบสนอง','จอฟ้า') NOT NULL,
  `damage_details` varchar(250) DEFAULT NULL,
  `image_path` varchar(250) NOT NULL
) ENGINE=InnoDB DEFAULT CHARSET=utf8mb4 COLLATE=utf8mb4_0900_ai_ci;

--
-- Dumping data for table `equipment_brokened`
--

INSERT INTO `equipment_brokened` (`repair_number`, `repair_date`, `student_id`, `teacher_id`, `room_id`, `equipment_id`, `computer_id`, `admin_id`, `repair_status`, `damage`, `damage_details`, `image_path`) VALUES
('212-12-4', '2025-04-08 22:24:11', '65312993', NULL, '212', 12, NULL, NULL, 'รอซ่อม', 'แสงไม่ออก', 'เลเซอร์ไม่ออก\n', '65312993_4.jpg'),
('212-5-9', '2025-04-08 22:48:51', '64312995', NULL, '212', 5, NULL, 'ADCS5624', 'ซ่อมสำเร็จ', 'ภาพเบลอ', 'ภาพไม่เห็นชัดเจน', '64312995_9.jpg'),
('307-14-5', '2025-04-08 22:29:04', '65312993', NULL, '307', 14, NULL, NULL, 'รอซ่อม', 'ปุ่มกดไม่ติด', 'Keyboard เก่าเกินไป', '65312993_5.jpg'),
('307-17-11', '2025-04-08 22:52:31', '65312994', NULL, '307', 17, 1, 'ADCS5624', 'ซ่อมสำเร็จ', 'เครื่องไม่เปิด', 'เปิดไม่ติด', '65312994_11.jpg'),
('307-17-14', '2025-04-08 22:54:36', '65312997', NULL, '307', 17, 1, NULL, 'รอซ่อม', 'เครื่องไม่เปิด', 'เปิดไม่ติด ด้านในคอมมีผุ่นเยอะเกิน แล้วสายไฟขาดด้วย', '65312997_14.jpg'),
('307-17-3', '2025-04-08 21:56:39', '65312993', NULL, '307', 17, 1, NULL, 'รอซ่อม', 'เครื่องไม่เปิด', 'เครื่องเปิดไม่ติด เพราะฝุ่นเกาะรึป่าว?', '65312993_3.jpg'),
('307-17-8', '2025-04-08 22:48:16', '64312995', NULL, '307', 17, 1, NULL, 'รอซ่อม', 'เครื่องไม่เปิด', 'เปิเไม่ติดช่วยตรวจสอบด้วยครับ', '64312995_8.jpg'),
('308-2-13', '2025-04-08 22:53:19', '65312994', NULL, '308', 2, NULL, NULL, 'รอซ่อม', 'พนักพิงหลุด', 'เก้าอี้เอนไม่ได้', '65312994_13.jpg'),
('308-2-16', '2025-04-08 22:55:39', '65312997', NULL, '308', 2, NULL, NULL, 'รอซ่อม', 'พนักพิงหลุด', 'เอนไม่ได้ เบาะหัก', '65312997_16.jpg'),
('408-14-10', '2025-04-08 22:50:36', '64312995', NULL, '408', 14, NULL, NULL, 'รอซ่อม', 'ปุ่มกดไม่ติด', 'กดไม่ติดทั้งหมดเลย', '64312995_10.jpg'),
('414-17-12', '2025-04-08 22:52:54', '65312994', NULL, '414', 17, 1, NULL, 'รอซ่อม', 'จอฟ้า', 'จอฟ้าไม่หาย', '65312994_12.jpg'),
('414-17-15', '2025-04-08 22:55:00', '65312997', NULL, '414', 17, 1, NULL, 'รอซ่อม', 'จอฟ้า', 'จอฟ้าไม่หายเลย', '65312997_15.jpg'),
('414-17-2', '2025-04-08 21:55:47', '65312993', NULL, '414', 17, 1, NULL, 'รอซ่อม', 'จอฟ้า', 'จอฟ้าเปิดไม่ติด', '65312993_2.jpg'),
('414-17-7', '2025-04-08 22:47:48', '64312995', NULL, '414', 17, 1, NULL, 'รอซ่อม', 'จอฟ้า', 'เปิดทีไรก็จอฟ้าทุกที', '64312995_7.jpg'),
('414-2-1', '2025-04-08 21:55:23', '65312993', NULL, '414', 2, NULL, NULL, 'รอซ่อม', 'เบาะชำรุด', 'เก้าอี้เอนไม่ได้', '65312993_1.jpg'),
('414-5-6', '2025-04-08 22:31:28', '65312993', NULL, '414', 5, NULL, NULL, 'รอซ่อม', 'ภาพเบลอ', 'ภาพไม่คอ่ยชัดเจน และมองไม่เห็น', '65312993_6.jpg');

-- --------------------------------------------------------

--
-- Table structure for table `equipment_management`
--

CREATE TABLE `equipment_management` (
  `equipment_id` int NOT NULL,
  `room_id` varchar(6) NOT NULL,
  `stock_quantity` int NOT NULL
) ENGINE=InnoDB DEFAULT CHARSET=utf8mb4 COLLATE=utf8mb4_0900_ai_ci;

--
-- Dumping data for table `equipment_management`
--

INSERT INTO `equipment_management` (`equipment_id`, `room_id`, `stock_quantity`) VALUES
(2, '212', 10),
(2, '311', 10),
(10, '308', 1),
(11, '308', 1),
(12, '212', 3),
(12, '307', 3),
(12, '408', 5),
(12, '414', 6),
(13, '307', 10),
(13, '308', 6),
(13, '408', 5),
(13, '414', 3),
(14, '307', 7),
(14, '308', 5),
(14, '408', 3),
(14, '414', 20),
(15, '212', 5),
(15, '307', 7),
(15, '308', 3),
(15, '311', 5),
(15, '408', 4),
(15, '414', 7);

-- --------------------------------------------------------

--
-- Table structure for table `executive`
--

CREATE TABLE `executive` (
  `executive_id` varchar(8) NOT NULL,
  `full_name` varchar(100) NOT NULL,
  `department` varchar(100) NOT NULL,
  `faculty` varchar(100) NOT NULL,
  `email` varchar(100) NOT NULL,
  `phone_number` varchar(10) NOT NULL,
  `role` enum('ผู้บริหาร') NOT NULL
) ENGINE=InnoDB DEFAULT CHARSET=utf8mb4 COLLATE=utf8mb4_0900_ai_ci;

--
-- Dumping data for table `executive`
--

INSERT INTO `executive` (`executive_id`, `full_name`, `department`, `faculty`, `email`, `phone_number`, `role`) VALUES
('CSB15430', 'วินัย วงษ์ไทย', 'วิทยาการคอมพิวเตอร์', 'คณะวิทยาศาสตร์', 'winai@nu.ac.th', '0235467891', 'ผู้บริหาร'),
('CSB25645', 'วุฒิพงศ์ เรือนทอง', 'วิทยาการคอมพิวเตอร์', 'คณะวิทยาศาสตร์', 'wuttipong@nu.ac.th', '0568951223', 'ผู้บริหาร');

-- --------------------------------------------------------

--
-- Table structure for table `room`
--

CREATE TABLE `room` (
  `room_id` varchar(6) NOT NULL,
  `room_name` varchar(10) NOT NULL,
  `floor` enum('2','3','4') NOT NULL,
  `room_status` enum('เปิดการใช้งาน','ปิดการใช้งาน') NOT NULL,
  `room_type_id` int NOT NULL
) ENGINE=InnoDB DEFAULT CHARSET=utf8mb4 COLLATE=utf8mb4_0900_ai_ci;

--
-- Dumping data for table `room`
--

INSERT INTO `room` (`room_id`, `room_name`, `floor`, `room_status`, `room_type_id`) VALUES
('212', 'SC2-212', '2', 'เปิดการใช้งาน', 1),
('307', 'SC2-307', '3', 'ปิดการใช้งาน', 2),
('308', 'SC2-308', '3', 'เปิดการใช้งาน', 2),
('311', 'SC2-311', '3', 'ปิดการใช้งาน', 3),
('313', 'SC2-313', '3', 'ปิดการใช้งาน', 2),
('313-1', 'SC2-313-1', '3', 'ปิดการใช้งาน', 2),
('407', 'SC2-407', '4', 'เปิดการใช้งาน', 1),
('408', 'SC2-408', '4', 'เปิดการใช้งาน', 2),
('411', 'SC2-411', '4', 'เปิดการใช้งาน', 4),
('414', 'SC2-414', '4', 'เปิดการใช้งาน', 2);

-- --------------------------------------------------------

--
-- Table structure for table `room_request`
--

CREATE TABLE `room_request` (
  `room_request_id` int NOT NULL,
  `submitted_time` datetime NOT NULL DEFAULT CURRENT_TIMESTAMP,
  `room_id` varchar(6) NOT NULL,
  `student_id` varchar(8) DEFAULT NULL,
  `teacher_id` varchar(8) DEFAULT NULL,
  `used_date` date NOT NULL,
  `start_time` time NOT NULL,
  `end_time` time NOT NULL,
  `request_type` enum('ในเวลา','นอกเวลา') NOT NULL,
  `admin_id` varchar(8) DEFAULT NULL,
  `executive_id` varchar(8) DEFAULT NULL,
  `request_reason` enum('ขอใช้ห้องเพื่อติวหนังสือ','ขอใช้ห้องเพื่อทำงาน','ขอใช้ห้องเพื่อทำวิจัย','ขอใช้ห้องเพื่อจัดกิจกรรมเสริมความรู้','ขอใช้ห้องเพื่อกิจกรรมชมรม','ขอใช้ห้องเพื่อเรียนออนไลน์','ขอใช้ห้องเพื่อถ่ายทำวิดีโอ','ขอใช้ห้องเพื่อวัตถุประสงค์อื่น ๆ') NOT NULL,
  `detail_request_reason` varchar(255) DEFAULT NULL,
  `reject_reason` enum('จำนวนคนใช้ห้องน้อยเกินไป','เหตุผลในการขอใช้ห้องไม่สมเหตุสมผล','คำขอซ้ำซ้อน','ห้องมีการบำรุงรักษาหรือติดตั้งอุปกรณ์ใหม่','มีการใช้ห้องผิดประเภท','มีคำขออื่นถูกอนุมัติแล้ว') DEFAULT NULL,
  `detail_reject_reason` varchar(255) DEFAULT NULL,
  `request_status` enum('รอดำเนินการ','รออนุมัติ','อนุมัติ','ไม่อนุมัติ','ยกเลิกการจอง','คำขอหมดอายุ') CHARACTER SET utf8mb4 COLLATE utf8mb4_0900_ai_ci NOT NULL
) ENGINE=InnoDB DEFAULT CHARSET=utf8mb4 COLLATE=utf8mb4_0900_ai_ci;

--
-- Dumping data for table `room_request`
--

INSERT INTO `room_request` (`room_request_id`, `submitted_time`, `room_id`, `student_id`, `teacher_id`, `used_date`, `start_time`, `end_time`, `request_type`, `admin_id`, `executive_id`, `request_reason`, `detail_request_reason`, `reject_reason`, `detail_reject_reason`, `request_status`) VALUES
(1, '2025-03-04 17:54:35', '307', '65312997', NULL, '2025-03-04', '11:00:00', '12:00:00', 'ในเวลา', NULL, NULL, 'ขอใช้ห้องเพื่อเรียนออนไลน์', 'เตรียมซ้อมกิจกรรมรับน้อง', NULL, NULL, 'คำขอหมดอายุ'),
(2, '2025-03-03 06:46:21', '307', NULL, 'CS663129', '2025-03-04', '18:00:00', '20:00:00', 'นอกเวลา', NULL, 'CSB25645', 'ขอใช้ห้องเพื่อวัตถุประสงค์อื่น ๆ', NULL, 'คำขอซ้ำซ้อน', NULL, 'ไม่อนุมัติ'),
(3, '2025-03-02 16:30:40', '307', NULL, 'CS663129', '2025-03-05', '17:00:00', '19:00:00', 'นอกเวลา', NULL, NULL, 'ขอใช้ห้องเพื่อเรียนออนไลน์', NULL, NULL, NULL, 'คำขอหมดอายุ'),
(4, '2025-03-06 07:20:11', '307', NULL, 'CS673129', '2025-03-06', '21:00:00', '22:00:00', 'นอกเวลา', NULL, NULL, 'ขอใช้ห้องเพื่อทำวิจัย', NULL, NULL, NULL, 'ยกเลิกการจอง'),
(5, '2025-03-02 22:31:55', '307', '65312994', NULL, '2025-03-06', '19:00:00', '21:00:00', 'นอกเวลา', NULL, NULL, 'ขอใช้ห้องเพื่อกิจกรรมชมรม', 'เพื่อจัดกิจกรรมเสริมสร้างความรู้และทักษะในวิชา', NULL, NULL, 'คำขอหมดอายุ'),
(6, '2025-03-04 07:15:06', '307', NULL, 'CS663129', '2025-03-07', '18:00:00', '19:00:00', 'นอกเวลา', NULL, 'CSB25645', 'ขอใช้ห้องเพื่อทำวิจัย', NULL, 'จำนวนคนใช้ห้องน้อยเกินไป', NULL, 'ไม่อนุมัติ'),
(7, '2025-03-07 17:31:34', '307', '65312997', NULL, '2025-03-07', '09:00:00', '10:00:00', 'ในเวลา', 'ADCS7823', NULL, 'ขอใช้ห้องเพื่อจัดกิจกรรมเสริมความรู้', NULL, 'มีการใช้ห้องผิดประเภท', NULL, 'ไม่อนุมัติ'),
(8, '2025-03-02 14:19:03', '307', '64312995', NULL, '2025-03-07', '12:00:00', '13:00:00', 'ในเวลา', NULL, NULL, 'ขอใช้ห้องเพื่อวัตถุประสงค์อื่น ๆ', NULL, NULL, NULL, 'คำขอหมดอายุ'),
(9, '2025-03-05 17:43:38', '307', NULL, 'CS663129', '2025-03-07', '08:00:00', '09:00:00', 'ในเวลา', NULL, NULL, 'ขอใช้ห้องเพื่อถ่ายทำวิดีโอ', 'เพื่อเตรียมตัวสำหรับการสอบและประชุมกลุ่มในงาน CSIT Contest', NULL, NULL, 'คำขอหมดอายุ'),
(10, '2025-03-02 08:50:13', '307', '64312995', NULL, '2025-03-07', '17:00:00', '18:00:00', 'นอกเวลา', NULL, NULL, 'ขอใช้ห้องเพื่อวัตถุประสงค์อื่น ๆ', NULL, NULL, NULL, 'คำขอหมดอายุ'),
(11, '2025-03-06 14:19:33', '307', NULL, 'CS653129', '2025-03-07', '18:00:00', '20:00:00', 'นอกเวลา', NULL, NULL, 'ขอใช้ห้องเพื่อจัดกิจกรรมเสริมความรู้', NULL, NULL, NULL, 'คำขอหมดอายุ'),
(12, '2025-03-02 10:03:04', '307', '65312994', NULL, '2025-03-07', '12:00:00', '13:00:00', 'ในเวลา', NULL, NULL, 'ขอใช้ห้องเพื่อทำวิจัย', 'เตรียมตัวติวหนังสือให้เพื่อน ๆ', NULL, NULL, 'คำขอหมดอายุ'),
(13, '2025-03-02 06:50:41', '307', NULL, 'CS653129', '2025-03-07', '13:00:00', '14:00:00', 'ในเวลา', 'ADCS7823', NULL, 'ขอใช้ห้องเพื่อทำงาน', NULL, NULL, NULL, 'อนุมัติ'),
(14, '2025-03-04 07:23:18', '307', NULL, 'CS653129', '2025-03-10', '19:00:00', '21:00:00', 'นอกเวลา', NULL, NULL, 'ขอใช้ห้องเพื่อกิจกรรมชมรม', 'เพื่อจัดกิจกรรมเสริมสร้างความรู้และทักษะในวิชา', NULL, NULL, 'คำขอหมดอายุ'),
(15, '2025-03-03 15:40:14', '307', '65312994', NULL, '2025-03-10', '09:00:00', '10:00:00', 'ในเวลา', NULL, NULL, 'ขอใช้ห้องเพื่อจัดกิจกรรมเสริมความรู้', 'มีความจำเป็นต้องใช้อุปกรณ์เฉพาะในห้องนี้สำหรับการทำ Lab Network ครับ', NULL, NULL, 'คำขอหมดอายุ'),
(16, '2025-03-05 20:34:40', '307', NULL, 'CS663129', '2025-03-11', '11:00:00', '12:00:00', 'ในเวลา', NULL, NULL, 'ขอใช้ห้องเพื่อติวหนังสือ', NULL, NULL, NULL, 'คำขอหมดอายุ'),
(17, '2025-03-07 12:34:36', '307', NULL, 'CS653129', '2025-03-14', '13:00:00', '15:00:00', 'ในเวลา', NULL, NULL, 'ขอใช้ห้องเพื่อกิจกรรมชมรม', 'เตรียมซ้อมกิจกรรมรับน้อง', NULL, NULL, 'คำขอหมดอายุ'),
(18, '2025-03-07 21:23:12', '307', NULL, 'CS673129', '2025-03-14', '19:00:00', '20:00:00', 'นอกเวลา', NULL, NULL, 'ขอใช้ห้องเพื่อจัดกิจกรรมเสริมความรู้', NULL, NULL, NULL, 'คำขอหมดอายุ'),
(19, '2025-03-09 09:47:19', '307', NULL, 'CS663129', '2025-03-14', '13:00:00', '15:00:00', 'ในเวลา', 'ADCS7823', NULL, 'ขอใช้ห้องเพื่อเรียนออนไลน์', NULL, NULL, NULL, 'อนุมัติ'),
(20, '2025-03-18 08:37:24', '307', '64312995', NULL, '2025-03-18', '20:00:00', '21:00:00', 'นอกเวลา', NULL, NULL, 'ขอใช้ห้องเพื่อจัดกิจกรรมเสริมความรู้', 'ต้องการใช้ห้องนี้เพื่อการเรียนรู้ต่าง ๆ ขอบคุณคะ', NULL, NULL, 'คำขอหมดอายุ'),
(21, '2025-03-18 16:34:27', '307', NULL, 'CS663129', '2025-03-18', '20:00:00', '21:00:00', 'นอกเวลา', NULL, NULL, 'ขอใช้ห้องเพื่อวัตถุประสงค์อื่น ๆ', NULL, NULL, NULL, 'คำขอหมดอายุ'),
(22, '2025-03-19 17:50:02', '307', '65312994', NULL, '2025-03-19', '17:00:00', '18:00:00', 'นอกเวลา', NULL, NULL, 'ขอใช้ห้องเพื่อติวหนังสือ', 'ประชุมกับเพื่อน ๆ ค่ะ', NULL, NULL, 'คำขอหมดอายุ'),
(23, '2025-03-15 17:07:56', '307', '65312997', NULL, '2025-03-19', '12:00:00', '13:00:00', 'ในเวลา', NULL, NULL, 'ขอใช้ห้องเพื่อกิจกรรมชมรม', NULL, NULL, NULL, 'คำขอหมดอายุ'),
(24, '2025-03-13 16:32:30', '307', '64312995', NULL, '2025-03-19', '12:00:00', '13:00:00', 'ในเวลา', NULL, NULL, 'ขอใช้ห้องเพื่อกิจกรรมชมรม', NULL, NULL, NULL, 'คำขอหมดอายุ'),
(25, '2025-03-14 14:47:45', '307', '64312995', NULL, '2025-03-19', '18:00:00', '19:00:00', 'นอกเวลา', NULL, NULL, 'ขอใช้ห้องเพื่อเรียนออนไลน์', NULL, NULL, NULL, 'คำขอหมดอายุ'),
(26, '2025-03-13 11:12:59', '307', '64312995', NULL, '2025-03-20', '18:00:00', '20:00:00', 'นอกเวลา', NULL, 'CSB25645', 'ขอใช้ห้องเพื่อเรียนออนไลน์', 'เพื่อเตรียมตัวสำหรับการสอบและประชุมกลุ่มในงาน CSIT Contest', NULL, NULL, 'อนุมัติ'),
(27, '2025-03-13 20:11:46', '307', '64312995', NULL, '2025-03-20', '21:00:00', '22:00:00', 'นอกเวลา', NULL, NULL, 'ขอใช้ห้องเพื่อถ่ายทำวิดีโอ', 'ประชุมกับเพื่อน ๆ ค่ะ', NULL, NULL, 'คำขอหมดอายุ'),
(28, '2025-03-17 18:19:19', '307', NULL, 'CS663129', '2025-03-20', '17:00:00', '18:00:00', 'นอกเวลา', NULL, NULL, 'ขอใช้ห้องเพื่อทำวิจัย', 'เตรียมตัวติวหนังสือให้เพื่อน ๆ', NULL, NULL, 'คำขอหมดอายุ'),
(29, '2025-03-16 12:12:27', '307', NULL, 'CS663129', '2025-03-20', '12:00:00', '13:00:00', 'ในเวลา', 'ADCS7823', NULL, 'ขอใช้ห้องเพื่อเรียนออนไลน์', 'เพื่อจัดกิจกรรมเสริมสร้างความรู้และทักษะในวิชา', NULL, NULL, 'อนุมัติ'),
(30, '2025-03-20 17:39:23', '307', NULL, 'CS663129', '2025-03-20', '20:00:00', '22:00:00', 'นอกเวลา', NULL, NULL, 'ขอใช้ห้องเพื่อกิจกรรมชมรม', 'เพื่อเตรียมตัวสำหรับการสอบและประชุมกลุ่มในงาน CSIT Contest', NULL, NULL, 'คำขอหมดอายุ'),
(31, '2025-03-14 06:02:44', '307', NULL, 'CS653129', '2025-03-21', '12:00:00', '14:00:00', 'ในเวลา', NULL, NULL, 'ขอใช้ห้องเพื่อทำวิจัย', 'ต้องการใช้ห้องนี้เพื่อการเรียนรู้ต่าง ๆ ขอบคุณคะ', NULL, NULL, 'คำขอหมดอายุ'),
(32, '2025-03-15 08:03:16', '307', NULL, 'CS673129', '2025-03-21', '19:00:00', '21:00:00', 'นอกเวลา', NULL, NULL, 'ขอใช้ห้องเพื่อวัตถุประสงค์อื่น ๆ', NULL, NULL, NULL, 'คำขอหมดอายุ'),
(33, '2025-03-20 07:06:40', '307', '65312994', NULL, '2025-03-21', '21:00:00', '22:00:00', 'นอกเวลา', NULL, 'CSB25645', 'ขอใช้ห้องเพื่อกิจกรรมชมรม', 'ต้องการใช้ห้องนี้เพื่อการเรียนรู้ต่าง ๆ ขอบคุณคะ', NULL, NULL, 'อนุมัติ'),
(34, '2025-03-15 13:50:19', '307', NULL, 'CS653129', '2025-03-21', '13:00:00', '15:00:00', 'ในเวลา', NULL, NULL, 'ขอใช้ห้องเพื่อเรียนออนไลน์', NULL, NULL, NULL, 'คำขอหมดอายุ'),
(35, '2025-03-15 14:45:16', '307', NULL, 'CS673129', '2025-03-21', '17:00:00', '18:00:00', 'นอกเวลา', NULL, NULL, 'ขอใช้ห้องเพื่อจัดกิจกรรมเสริมความรู้', 'เพื่อเตรียมตัวสำหรับการสอบและประชุมกลุ่มในงาน CSIT Contest', NULL, NULL, 'คำขอหมดอายุ'),
(36, '2025-03-15 06:29:53', '307', '65312997', NULL, '2025-03-21', '13:00:00', '15:00:00', 'ในเวลา', 'ADCS5624', NULL, 'ขอใช้ห้องเพื่อจัดกิจกรรมเสริมความรู้', 'มีความจำเป็นต้องใช้อุปกรณ์เฉพาะในห้องนี้สำหรับการทำ Lab Network ครับ', NULL, NULL, 'อนุมัติ'),
(37, '2025-03-16 06:31:27', '307', NULL, 'CS663129', '2025-03-21', '18:00:00', '19:00:00', 'นอกเวลา', NULL, NULL, 'ขอใช้ห้องเพื่อถ่ายทำวิดีโอ', 'ต้องการใช้ห้องนี้เพื่อการเรียนรู้ต่าง ๆ ขอบคุณคะ', NULL, NULL, 'คำขอหมดอายุ'),
(38, '2025-03-24 21:05:02', '307', NULL, 'CS673129', '2025-03-24', '08:00:00', '09:00:00', 'ในเวลา', 'ADCS5624', NULL, 'ขอใช้ห้องเพื่อจัดกิจกรรมเสริมความรู้', NULL, 'มีการใช้ห้องผิดประเภท', NULL, 'ไม่อนุมัติ'),
(39, '2025-03-20 11:15:24', '307', '65312994', NULL, '2025-03-24', '08:00:00', '09:00:00', 'ในเวลา', NULL, NULL, 'ขอใช้ห้องเพื่อถ่ายทำวิดีโอ', NULL, NULL, NULL, 'คำขอหมดอายุ'),
(40, '2025-03-17 11:53:51', '307', '65312994', NULL, '2025-03-24', '17:00:00', '18:00:00', 'นอกเวลา', NULL, 'CSB25645', 'ขอใช้ห้องเพื่อกิจกรรมชมรม', 'ประชุมกับเพื่อน ๆ ค่ะ', NULL, NULL, 'อนุมัติ'),
(41, '2025-03-18 06:41:48', '307', NULL, 'CS653129', '2025-03-24', '21:00:00', '22:00:00', 'นอกเวลา', NULL, NULL, 'ขอใช้ห้องเพื่อวัตถุประสงค์อื่น ๆ', 'ประชุมกับเพื่อน ๆ ค่ะ', NULL, NULL, 'คำขอหมดอายุ'),
(42, '2025-03-19 09:18:36', '307', NULL, 'CS673129', '2025-03-24', '21:00:00', '22:00:00', 'นอกเวลา', NULL, NULL, 'ขอใช้ห้องเพื่อจัดกิจกรรมเสริมความรู้', NULL, NULL, NULL, 'คำขอหมดอายุ'),
(43, '2025-03-18 17:16:17', '307', '65312994', NULL, '2025-03-24', '19:00:00', '21:00:00', 'นอกเวลา', NULL, NULL, 'ขอใช้ห้องเพื่อจัดกิจกรรมเสริมความรู้', 'เพื่อจัดกิจกรรมเสริมสร้างความรู้และทักษะในวิชา', NULL, NULL, 'คำขอหมดอายุ'),
(44, '2025-03-17 10:42:55', '307', NULL, 'CS653129', '2025-03-24', '19:00:00', '20:00:00', 'นอกเวลา', NULL, NULL, 'ขอใช้ห้องเพื่อถ่ายทำวิดีโอ', NULL, NULL, NULL, 'คำขอหมดอายุ'),
(45, '2025-03-21 19:14:53', '307', NULL, 'CS653129', '2025-03-25', '21:00:00', '22:00:00', 'นอกเวลา', NULL, 'CSB25645', 'ขอใช้ห้องเพื่อเรียนออนไลน์', 'ต้องการใช้ห้องนี้เพื่อการเรียนรู้ต่าง ๆ ขอบคุณคะ', NULL, NULL, 'อนุมัติ'),
(46, '2025-03-22 07:50:48', '307', '64312995', NULL, '2025-03-25', '11:00:00', '12:00:00', 'ในเวลา', NULL, NULL, 'ขอใช้ห้องเพื่อเรียนออนไลน์', 'เพื่อจัดกิจกรรมเสริมสร้างความรู้และทักษะในวิชา', NULL, NULL, 'คำขอหมดอายุ'),
(47, '2025-03-20 12:44:21', '307', NULL, 'CS663129', '2025-03-26', '20:00:00', '21:00:00', 'นอกเวลา', NULL, NULL, 'ขอใช้ห้องเพื่อถ่ายทำวิดีโอ', NULL, NULL, NULL, 'คำขอหมดอายุ'),
(48, '2025-03-19 06:07:27', '307', '65312997', NULL, '2025-03-26', '20:00:00', '21:00:00', 'นอกเวลา', NULL, NULL, 'ขอใช้ห้องเพื่อวัตถุประสงค์อื่น ๆ', 'เพื่อเตรียมตัวสำหรับการสอบและประชุมกลุ่มในงาน CSIT Contest', NULL, NULL, 'คำขอหมดอายุ'),
(49, '2025-03-19 08:53:52', '307', '65312997', NULL, '2025-03-26', '12:00:00', '13:00:00', 'ในเวลา', NULL, NULL, 'ขอใช้ห้องเพื่อถ่ายทำวิดีโอ', 'ต้องการใช้ห้องนี้เพื่อการเรียนรู้ต่าง ๆ ขอบคุณคะ', NULL, NULL, 'คำขอหมดอายุ'),
(50, '2025-03-23 12:07:29', '307', NULL, 'CS673129', '2025-03-26', '12:00:00', '13:00:00', 'ในเวลา', NULL, NULL, 'ขอใช้ห้องเพื่อจัดกิจกรรมเสริมความรู้', 'เพื่อเตรียมตัวสำหรับการสอบและประชุมกลุ่มในงาน CSIT Contest', NULL, NULL, 'คำขอหมดอายุ'),
(51, '2025-03-24 13:55:51', '307', '65312997', NULL, '2025-03-26', '19:00:00', '20:00:00', 'นอกเวลา', NULL, NULL, 'ขอใช้ห้องเพื่อทำวิจัย', NULL, NULL, NULL, 'คำขอหมดอายุ'),
(52, '2025-03-21 08:10:47', '307', NULL, 'CS663129', '2025-03-27', '17:00:00', '18:00:00', 'นอกเวลา', NULL, 'CSB25645', 'ขอใช้ห้องเพื่อกิจกรรมชมรม', NULL, 'มีการใช้ห้องผิดประเภท', NULL, 'ไม่อนุมัติ'),
(53, '2025-03-20 16:24:27', '307', NULL, 'CS663129', '2025-03-27', '19:00:00', '20:00:00', 'นอกเวลา', NULL, NULL, 'ขอใช้ห้องเพื่อกิจกรรมชมรม', 'ต้องการใช้ห้องนี้เพื่อการเรียนรู้ต่าง ๆ ขอบคุณคะ', NULL, NULL, 'คำขอหมดอายุ'),
(54, '2025-03-28 17:06:17', '307', NULL, 'CS653129', '2025-03-28', '12:00:00', '14:00:00', 'ในเวลา', NULL, NULL, 'ขอใช้ห้องเพื่อกิจกรรมชมรม', NULL, NULL, NULL, 'คำขอหมดอายุ'),
(55, '2025-03-22 15:40:40', '307', '64312995', NULL, '2025-03-28', '13:00:00', '15:00:00', 'ในเวลา', NULL, NULL, 'ขอใช้ห้องเพื่อเรียนออนไลน์', 'เพื่อเตรียมตัวสำหรับการสอบและประชุมกลุ่มในงาน CSIT Contest', NULL, NULL, 'ยกเลิกการจอง'),
(56, '2025-03-21 18:49:13', '307', NULL, 'CS673129', '2025-03-28', '17:00:00', '18:00:00', 'นอกเวลา', NULL, 'CSB25645', 'ขอใช้ห้องเพื่อติวหนังสือ', NULL, NULL, NULL, 'อนุมัติ'),
(57, '2025-03-24 07:51:55', '307', '65312997', NULL, '2025-03-28', '13:00:00', '15:00:00', 'ในเวลา', NULL, NULL, 'ขอใช้ห้องเพื่อเรียนออนไลน์', NULL, NULL, NULL, 'คำขอหมดอายุ'),
(58, '2025-03-21 20:00:09', '307', NULL, 'CS653129', '2025-03-28', '13:00:00', '14:00:00', 'ในเวลา', NULL, NULL, 'ขอใช้ห้องเพื่อติวหนังสือ', NULL, NULL, NULL, 'คำขอหมดอายุ'),
(59, '2025-03-27 06:44:45', '307', '65312994', NULL, '2025-04-01', '10:00:00', '12:00:00', 'ในเวลา', 'ADCS5624', NULL, 'ขอใช้ห้องเพื่อวัตถุประสงค์อื่น ๆ', 'เพื่อเตรียมตัวสำหรับการสอบและประชุมกลุ่มในงาน CSIT Contest', NULL, NULL, 'อนุมัติ'),
(60, '2025-03-28 20:14:13', '307', NULL, 'CS663129', '2025-04-01', '17:00:00', '19:00:00', 'นอกเวลา', NULL, 'CSB25645', 'ขอใช้ห้องเพื่อทำงาน', 'เตรียมตัวติวหนังสือให้เพื่อน ๆ', NULL, NULL, 'อนุมัติ'),
(61, '2025-03-25 11:42:19', '307', '64312995', NULL, '2025-04-01', '12:00:00', '13:00:00', 'ในเวลา', NULL, NULL, 'ขอใช้ห้องเพื่อเรียนออนไลน์', NULL, NULL, NULL, 'คำขอหมดอายุ'),
(62, '2025-04-02 22:54:40', '307', NULL, 'CS663129', '2025-04-02', '12:00:00', '13:00:00', 'ในเวลา', NULL, NULL, 'ขอใช้ห้องเพื่อติวหนังสือ', NULL, NULL, NULL, 'คำขอหมดอายุ'),
(63, '2025-04-02 18:33:37', '307', NULL, 'CS653129', '2025-04-02', '20:00:00', '21:00:00', 'นอกเวลา', NULL, NULL, 'ขอใช้ห้องเพื่อกิจกรรมชมรม', 'ต้องการใช้ห้องนี้เพื่อการเรียนรู้ต่าง ๆ ขอบคุณคะ', NULL, NULL, 'คำขอหมดอายุ'),
(64, '2025-04-01 07:37:47', '307', NULL, 'CS663129', '2025-04-02', '17:00:00', '19:00:00', 'นอกเวลา', NULL, NULL, 'ขอใช้ห้องเพื่อจัดกิจกรรมเสริมความรู้', NULL, NULL, NULL, 'คำขอหมดอายุ'),
(65, '2025-04-01 14:07:55', '307', '65312997', NULL, '2025-04-04', '13:00:00', '14:00:00', 'ในเวลา', NULL, NULL, 'ขอใช้ห้องเพื่อติวหนังสือ', NULL, NULL, NULL, 'ยกเลิกการจอง'),
(66, '2025-04-04 09:34:42', '307', '65312997', NULL, '2025-04-04', '18:00:00', '20:00:00', 'นอกเวลา', NULL, NULL, 'ขอใช้ห้องเพื่อติวหนังสือ', NULL, NULL, NULL, 'คำขอหมดอายุ'),
(67, '2025-03-31 08:31:41', '307', NULL, 'CS663129', '2025-04-04', '20:00:00', '22:00:00', 'นอกเวลา', NULL, NULL, 'ขอใช้ห้องเพื่อทำวิจัย', 'เตรียมตัวติวหนังสือให้เพื่อน ๆ', NULL, NULL, 'คำขอหมดอายุ'),
(68, '2025-04-04 21:44:53', '307', '65312997', NULL, '2025-04-04', '13:00:00', '15:00:00', 'ในเวลา', NULL, NULL, 'ขอใช้ห้องเพื่อวัตถุประสงค์อื่น ๆ', NULL, NULL, NULL, 'คำขอหมดอายุ'),
(69, '2025-03-28 07:45:34', '307', '65312997', NULL, '2025-04-04', '21:00:00', '22:00:00', 'นอกเวลา', NULL, NULL, 'ขอใช้ห้องเพื่อวัตถุประสงค์อื่น ๆ', NULL, NULL, NULL, 'คำขอหมดอายุ'),
(70, '2025-03-29 07:49:34', '307', '65312997', NULL, '2025-04-04', '14:00:00', '15:00:00', 'ในเวลา', NULL, NULL, 'ขอใช้ห้องเพื่อทำวิจัย', 'ต้องการใช้ห้องนี้เพื่อการเรียนรู้ต่าง ๆ ขอบคุณคะ', NULL, NULL, 'คำขอหมดอายุ'),
(71, '2025-03-31 18:01:52', '307', NULL, 'CS673129', '2025-04-07', '21:00:00', '22:00:00', 'นอกเวลา', NULL, NULL, 'ขอใช้ห้องเพื่อถ่ายทำวิดีโอ', 'ประชุมกับเพื่อน ๆ ค่ะ', NULL, NULL, 'คำขอหมดอายุ'),
(72, '2025-04-02 06:09:03', '307', NULL, 'CS673129', '2025-04-07', '21:00:00', '22:00:00', 'นอกเวลา', NULL, NULL, 'ขอใช้ห้องเพื่อจัดกิจกรรมเสริมความรู้', 'เตรียมตัวติวหนังสือให้เพื่อน ๆ', NULL, NULL, 'ยกเลิกการจอง'),
(73, '2025-04-03 12:04:58', '307', '64312995', NULL, '2025-04-10', '19:00:00', '20:00:00', 'นอกเวลา', NULL, 'CSB25645', 'ขอใช้ห้องเพื่อถ่ายทำวิดีโอ', NULL, 'คำขอซ้ำซ้อน', 'เนื่องจากมีการใช้ห้องผิดประเภท ซึ่งไม่สามารถอนุมัติคำขอนี้ได้', 'ไม่อนุมัติ'),
(74, '2025-04-09 21:01:01', '307', NULL, 'CS663129', '2025-04-11', '17:00:00', '18:00:00', 'นอกเวลา', NULL, 'CSB25645', 'ขอใช้ห้องเพื่อติวหนังสือ', NULL, NULL, NULL, 'อนุมัติ'),
(75, '2025-04-09 20:48:20', '307', '64312995', NULL, '2025-04-11', '21:00:00', '22:00:00', 'นอกเวลา', NULL, 'CSB25645', 'ขอใช้ห้องเพื่อติวหนังสือ', 'เพื่อจัดกิจกรรมเสริมสร้างความรู้และทักษะในวิชา', 'มีการใช้ห้องผิดประเภท', 'พบว่าการใช้ห้องไม่ตรงกับวัตถุประสงค์ที่ระบุไว้', 'ไม่อนุมัติ'),
(76, '2025-04-11 14:19:28', '307', '65312994', NULL, '2025-04-14', '21:00:00', '22:00:00', 'นอกเวลา', NULL, NULL, 'ขอใช้ห้องเพื่อกิจกรรมชมรม', 'เตรียมซ้อมกิจกรรมรับน้อง', NULL, NULL, 'รออนุมัติ'),
(77, '2025-04-14 10:54:25', '307', NULL, 'CS673129', '2025-04-14', '18:00:00', '19:00:00', 'นอกเวลา', NULL, 'CSB25645', 'ขอใช้ห้องเพื่อถ่ายทำวิดีโอ', 'มีความจำเป็นต้องใช้อุปกรณ์เฉพาะในห้องนี้สำหรับการทำ Lab Network ครับ', NULL, NULL, 'อนุมัติ'),
(78, '2025-04-12 12:26:48', '307', NULL, 'CS653129', '2025-04-14', '09:00:00', '10:00:00', 'ในเวลา', NULL, NULL, 'ขอใช้ห้องเพื่อติวหนังสือ', NULL, NULL, NULL, 'ยกเลิกการจอง'),
(79, '2025-04-12 06:19:39', '307', '64312995', NULL, '2025-04-14', '21:00:00', '22:00:00', 'นอกเวลา', NULL, 'CSB25645', 'ขอใช้ห้องเพื่อถ่ายทำวิดีโอ', 'เพื่อจัดกิจกรรมเสริมสร้างความรู้และทักษะในวิชา', NULL, NULL, 'อนุมัติ'),
(80, '2025-04-12 20:48:31', '307', NULL, 'CS673129', '2025-04-15', '20:00:00', '21:00:00', 'นอกเวลา', NULL, NULL, 'ขอใช้ห้องเพื่อติวหนังสือ', NULL, NULL, NULL, 'รอดำเนินการ'),
(81, '2025-04-11 07:51:17', '307', '65312994', NULL, '2025-04-16', '21:00:00', '22:00:00', 'นอกเวลา', NULL, 'CSB25645', 'ขอใช้ห้องเพื่อทำงาน', 'เพื่อจัดกิจกรรมเสริมสร้างความรู้และทักษะในวิชา', NULL, NULL, 'อนุมัติ'),
(82, '2025-04-16 17:57:53', '307', NULL, 'CS673129', '2025-04-16', '20:00:00', '21:00:00', 'นอกเวลา', NULL, NULL, 'ขอใช้ห้องเพื่อทำงาน', NULL, NULL, NULL, 'รออนุมัติ'),
(83, '2025-04-10 10:19:34', '307', NULL, 'CS663129', '2025-04-16', '18:00:00', '19:00:00', 'นอกเวลา', NULL, NULL, 'ขอใช้ห้องเพื่อถ่ายทำวิดีโอ', 'ต้องการใช้ห้องนี้เพื่อการเรียนรู้ต่าง ๆ ขอบคุณคะ', NULL, NULL, 'รออนุมัติ'),
(84, '2025-04-13 16:37:15', '307', NULL, 'CS663129', '2025-04-17', '19:00:00', '21:00:00', 'นอกเวลา', NULL, NULL, 'ขอใช้ห้องเพื่อวัตถุประสงค์อื่น ๆ', 'ประชุมกับเพื่อน ๆ ค่ะ', NULL, NULL, 'รอดำเนินการ'),
(85, '2025-04-14 20:33:55', '307', '65312997', NULL, '2025-04-17', '21:00:00', '22:00:00', 'นอกเวลา', NULL, NULL, 'ขอใช้ห้องเพื่อกิจกรรมชมรม', 'ประชุมกับเพื่อน ๆ ค่ะ', NULL, NULL, 'รออนุมัติ'),
(86, '2025-04-13 15:37:07', '307', '64312995', NULL, '2025-04-17', '17:00:00', '19:00:00', 'นอกเวลา', NULL, NULL, 'ขอใช้ห้องเพื่อติวหนังสือ', NULL, NULL, NULL, 'รออนุมัติ'),
(87, '2025-04-13 17:53:27', '307', '64312995', NULL, '2025-04-18', '19:00:00', '20:00:00', 'นอกเวลา', NULL, NULL, 'ขอใช้ห้องเพื่อติวหนังสือ', NULL, NULL, NULL, 'รออนุมัติ'),
(88, '2025-04-16 16:37:01', '307', '64312995', NULL, '2025-04-21', '09:00:00', '10:00:00', 'ในเวลา', NULL, NULL, 'ขอใช้ห้องเพื่อวัตถุประสงค์อื่น ๆ', NULL, NULL, NULL, 'รออนุมัติ'),
(89, '2025-04-16 11:40:52', '307', '64312995', NULL, '2025-04-21', '21:00:00', '22:00:00', 'นอกเวลา', NULL, NULL, 'ขอใช้ห้องเพื่อจัดกิจกรรมเสริมความรู้', NULL, NULL, NULL, 'รอดำเนินการ'),
(90, '2025-04-16 08:50:44', '307', NULL, 'CS663129', '2025-04-21', '19:00:00', '21:00:00', 'นอกเวลา', NULL, NULL, 'ขอใช้ห้องเพื่อทำวิจัย', 'เตรียมตัวติวหนังสือให้เพื่อน ๆ', NULL, NULL, 'รออนุมัติ'),
(91, '2025-04-18 12:43:26', '307', NULL, 'CS673129', '2025-04-23', '21:00:00', '22:00:00', 'นอกเวลา', NULL, NULL, 'ขอใช้ห้องเพื่อกิจกรรมชมรม', NULL, NULL, NULL, 'รออนุมัติ'),
(92, '2025-04-23 13:18:59', '307', NULL, 'CS663129', '2025-04-24', '18:00:00', '20:00:00', 'นอกเวลา', NULL, NULL, 'ขอใช้ห้องเพื่อถ่ายทำวิดีโอ', 'เตรียมตัวติวหนังสือให้เพื่อน ๆ', NULL, NULL, 'รอดำเนินการ'),
(93, '2025-04-21 11:01:37', '307', NULL, 'CS653129', '2025-04-24', '20:00:00', '21:00:00', 'นอกเวลา', NULL, 'CSB25645', 'ขอใช้ห้องเพื่อทำวิจัย', 'เตรียมตัวติวหนังสือให้เพื่อน ๆ', NULL, NULL, 'อนุมัติ'),
(94, '2025-04-17 07:18:58', '307', '65312994', NULL, '2025-04-24', '19:00:00', '20:00:00', 'นอกเวลา', NULL, NULL, 'ขอใช้ห้องเพื่อกิจกรรมชมรม', 'เตรียมตัวติวหนังสือให้เพื่อน ๆ', NULL, NULL, 'รอดำเนินการ'),
(95, '2025-04-20 19:32:40', '307', '65312994', NULL, '2025-04-25', '19:00:00', '21:00:00', 'นอกเวลา', NULL, NULL, 'ขอใช้ห้องเพื่อทำงาน', NULL, NULL, NULL, 'รอดำเนินการ'),
(96, '2025-04-21 17:07:53', '307', '65312997', NULL, '2025-04-25', '20:00:00', '22:00:00', 'นอกเวลา', NULL, NULL, 'ขอใช้ห้องเพื่อถ่ายทำวิดีโอ', NULL, NULL, NULL, 'รอดำเนินการ'),
(97, '2025-04-26 15:36:37', '307', '65312997', NULL, '2025-04-28', '19:00:00', '21:00:00', 'นอกเวลา', NULL, NULL, 'ขอใช้ห้องเพื่อถ่ายทำวิดีโอ', 'ต้องการใช้ห้องนี้เพื่อการเรียนรู้ต่าง ๆ ขอบคุณคะ', NULL, NULL, 'รอดำเนินการ'),
(98, '2025-04-27 17:31:51', '307', NULL, 'CS663129', '2025-04-28', '19:00:00', '20:00:00', 'นอกเวลา', NULL, 'CSB25645', 'ขอใช้ห้องเพื่อจัดกิจกรรมเสริมความรู้', NULL, NULL, NULL, 'อนุมัติ'),
(99, '2025-04-28 14:14:29', '307', NULL, 'CS673129', '2025-04-29', '10:00:00', '12:00:00', 'ในเวลา', NULL, NULL, 'ขอใช้ห้องเพื่อกิจกรรมชมรม', 'เตรียมตัวติวหนังสือให้เพื่อน ๆ', NULL, NULL, 'รอดำเนินการ'),
(100, '2025-04-23 12:41:59', '307', '65312994', NULL, '2025-04-29', '10:00:00', '12:00:00', 'ในเวลา', 'ADCS5624', NULL, 'ขอใช้ห้องเพื่อกิจกรรมชมรม', NULL, NULL, NULL, 'อนุมัติ'),
(101, '2025-04-22 09:28:40', '307', '65312997', NULL, '2025-04-29', '21:00:00', '22:00:00', 'นอกเวลา', NULL, NULL, 'ขอใช้ห้องเพื่อทำงาน', 'ประชุมกับเพื่อน ๆ ค่ะ', NULL, NULL, 'ยกเลิกการจอง'),
(102, '2025-04-22 21:44:09', '307', NULL, 'CS653129', '2025-04-29', '21:00:00', '22:00:00', 'นอกเวลา', NULL, NULL, 'ขอใช้ห้องเพื่อติวหนังสือ', 'เตรียมซ้อมกิจกรรมรับน้อง', NULL, NULL, 'รอดำเนินการ'),
(103, '2025-04-28 21:50:49', '307', NULL, 'CS653129', '2025-05-02', '20:00:00', '22:00:00', 'นอกเวลา', NULL, NULL, 'ขอใช้ห้องเพื่อติวหนังสือ', NULL, NULL, NULL, 'รอดำเนินการ'),
(104, '2025-04-27 20:51:30', '307', NULL, 'CS653129', '2025-05-02', '17:00:00', '18:00:00', 'นอกเวลา', NULL, NULL, 'ขอใช้ห้องเพื่อถ่ายทำวิดีโอ', NULL, NULL, NULL, 'ยกเลิกการจอง'),
(105, '2025-04-27 09:19:41', '307', NULL, 'CS653129', '2025-05-02', '13:00:00', '14:00:00', 'ในเวลา', NULL, NULL, 'ขอใช้ห้องเพื่อถ่ายทำวิดีโอ', NULL, NULL, NULL, 'ยกเลิกการจอง'),
(106, '2025-04-26 22:38:13', '307', '65312994', NULL, '2025-05-02', '19:00:00', '20:00:00', 'นอกเวลา', NULL, NULL, 'ขอใช้ห้องเพื่อทำงาน', 'เตรียมซ้อมกิจกรรมรับน้อง', NULL, NULL, 'รอดำเนินการ'),
(107, '2025-04-29 13:09:28', '307', '65312994', NULL, '2025-05-02', '13:00:00', '14:00:00', 'ในเวลา', NULL, NULL, 'ขอใช้ห้องเพื่อเรียนออนไลน์', NULL, NULL, NULL, 'รออนุมัติ'),
(108, '2025-05-05 14:36:01', '307', NULL, 'CS673129', '2025-05-05', '20:00:00', '21:00:00', 'นอกเวลา', NULL, NULL, 'ขอใช้ห้องเพื่อวัตถุประสงค์อื่น ๆ', 'เตรียมซ้อมกิจกรรมรับน้อง', NULL, NULL, 'รออนุมัติ'),
(109, '2025-04-29 15:15:02', '307', NULL, 'CS653129', '2025-05-05', '12:00:00', '13:00:00', 'ในเวลา', NULL, NULL, 'ขอใช้ห้องเพื่อทำวิจัย', 'เพื่อจัดกิจกรรมเสริมสร้างความรู้และทักษะในวิชา', NULL, NULL, 'รอดำเนินการ'),
(110, '2025-04-30 11:52:45', '307', NULL, 'CS653129', '2025-05-05', '19:00:00', '21:00:00', 'นอกเวลา', NULL, NULL, 'ขอใช้ห้องเพื่อทำงาน', NULL, NULL, NULL, 'รออนุมัติ'),
(111, '2025-05-04 10:15:44', '307', NULL, 'CS663129', '2025-05-05', '19:00:00', '21:00:00', 'นอกเวลา', NULL, 'CSB25645', 'ขอใช้ห้องเพื่อจัดกิจกรรมเสริมความรู้', NULL, NULL, NULL, 'อนุมัติ'),
(112, '2025-05-02 21:13:00', '307', NULL, 'CS653129', '2025-05-06', '12:00:00', '13:00:00', 'ในเวลา', NULL, NULL, 'ขอใช้ห้องเพื่อทำวิจัย', 'เตรียมซ้อมกิจกรรมรับน้อง', NULL, NULL, 'รออนุมัติ'),
(113, '2025-05-01 13:00:12', '307', NULL, 'CS653129', '2025-05-06', '10:00:00', '11:00:00', 'ในเวลา', 'ADCS5624', NULL, 'ขอใช้ห้องเพื่อถ่ายทำวิดีโอ', 'ประชุมกับเพื่อน ๆ ค่ะ', NULL, NULL, 'อนุมัติ'),
(114, '2025-05-04 07:45:08', '307', '65312997', NULL, '2025-05-06', '17:00:00', '18:00:00', 'นอกเวลา', NULL, NULL, 'ขอใช้ห้องเพื่อทำงาน', NULL, NULL, NULL, 'รออนุมัติ'),
(115, '2025-05-01 08:40:14', '307', '65312994', NULL, '2025-05-06', '20:00:00', '21:00:00', 'นอกเวลา', NULL, NULL, 'ขอใช้ห้องเพื่อติวหนังสือ', 'เตรียมซ้อมกิจกรรมรับน้อง', NULL, NULL, 'รอดำเนินการ'),
(116, '2025-05-05 06:49:03', '307', '64312995', NULL, '2025-05-08', '17:00:00', '18:00:00', 'นอกเวลา', NULL, NULL, 'ขอใช้ห้องเพื่อติวหนังสือ', NULL, NULL, NULL, 'รอดำเนินการ'),
(117, '2025-05-04 14:49:06', '307', NULL, 'CS653129', '2025-05-08', '18:00:00', '19:00:00', 'นอกเวลา', NULL, 'CSB25645', 'ขอใช้ห้องเพื่อทำวิจัย', 'เตรียมซ้อมกิจกรรมรับน้อง', 'มีคำขออื่นถูกอนุมัติแล้ว', NULL, 'ไม่อนุมัติ'),
(118, '2025-05-03 21:44:45', '307', '65312997', NULL, '2025-05-08', '19:00:00', '20:00:00', 'นอกเวลา', NULL, NULL, 'ขอใช้ห้องเพื่อเรียนออนไลน์', 'มีความจำเป็นต้องใช้อุปกรณ์เฉพาะในห้องนี้สำหรับการทำ Lab Network ครับ', NULL, NULL, 'รอดำเนินการ'),
(119, '2025-05-08 20:32:36', '307', NULL, 'CS673129', '2025-05-08', '17:00:00', '18:00:00', 'นอกเวลา', NULL, NULL, 'ขอใช้ห้องเพื่อถ่ายทำวิดีโอ', NULL, NULL, NULL, 'รอดำเนินการ'),
(120, '2025-05-04 18:30:14', '307', NULL, 'CS663129', '2025-05-08', '17:00:00', '18:00:00', 'นอกเวลา', NULL, 'CSB25645', 'ขอใช้ห้องเพื่อกิจกรรมชมรม', NULL, 'มีการใช้ห้องผิดประเภท', 'เหตุผลที่ระบุไม่สอดคล้องกับการจองห้อง', 'ไม่อนุมัติ'),
(121, '2025-05-05 06:07:29', '307', '65312997', NULL, '2025-05-09', '19:00:00', '21:00:00', 'นอกเวลา', NULL, NULL, 'ขอใช้ห้องเพื่อเรียนออนไลน์', NULL, NULL, NULL, 'รอดำเนินการ'),
(122, '2025-05-04 10:21:25', '307', '64312995', NULL, '2025-05-09', '08:00:00', '09:00:00', 'ในเวลา', NULL, NULL, 'ขอใช้ห้องเพื่อวัตถุประสงค์อื่น ๆ', 'ประชุมกับเพื่อน ๆ ค่ะ', NULL, NULL, 'รออนุมัติ'),
(123, '2025-05-02 13:42:59', '307', NULL, 'CS653129', '2025-05-09', '12:00:00', '14:00:00', 'ในเวลา', NULL, NULL, 'ขอใช้ห้องเพื่อทำงาน', 'เตรียมตัวติวหนังสือให้เพื่อน ๆ', NULL, NULL, 'รออนุมัติ'),
(124, '2025-05-06 10:28:28', '307', NULL, 'CS653129', '2025-05-09', '14:00:00', '15:00:00', 'ในเวลา', NULL, NULL, 'ขอใช้ห้องเพื่อจัดกิจกรรมเสริมความรู้', 'มีความจำเป็นต้องใช้อุปกรณ์เฉพาะในห้องนี้สำหรับการทำ Lab Network ครับ', NULL, NULL, 'รอดำเนินการ'),
(125, '2025-05-06 13:24:55', '307', '65312994', NULL, '2025-05-09', '17:00:00', '18:00:00', 'นอกเวลา', NULL, NULL, 'ขอใช้ห้องเพื่อทำงาน', NULL, NULL, NULL, 'รอดำเนินการ'),
(126, '2025-05-13 22:11:04', '307', NULL, 'CS673129', '2025-05-13', '10:00:00', '11:00:00', 'ในเวลา', NULL, NULL, 'ขอใช้ห้องเพื่อเรียนออนไลน์', 'เพื่อเตรียมตัวสำหรับการสอบและประชุมกลุ่มในงาน CSIT Contest', NULL, NULL, 'รอดำเนินการ'),
(127, '2025-05-09 17:02:01', '307', '65312997', NULL, '2025-05-13', '10:00:00', '11:00:00', 'ในเวลา', 'ADCS5624', NULL, 'ขอใช้ห้องเพื่อวัตถุประสงค์อื่น ๆ', NULL, 'จำนวนคนใช้ห้องน้อยเกินไป', 'พบว่ามีการจองซ้ำกันในช่วงเวลาที่มีการใช้งานจริงของห้อง', 'ไม่อนุมัติ'),
(128, '2025-05-08 09:03:01', '307', NULL, 'CS673129', '2025-05-13', '11:00:00', '13:00:00', 'ในเวลา', NULL, NULL, 'ขอใช้ห้องเพื่อวัตถุประสงค์อื่น ๆ', NULL, NULL, NULL, 'รอดำเนินการ'),
(129, '2025-05-11 06:17:41', '307', '65312994', NULL, '2025-05-13', '19:00:00', '20:00:00', 'นอกเวลา', NULL, NULL, 'ขอใช้ห้องเพื่อติวหนังสือ', NULL, NULL, NULL, 'ยกเลิกการจอง'),
(130, '2025-05-13 08:29:16', '307', NULL, 'CS663129', '2025-05-13', '19:00:00', '20:00:00', 'นอกเวลา', NULL, 'CSB25645', 'ขอใช้ห้องเพื่อกิจกรรมชมรม', NULL, NULL, NULL, 'อนุมัติ'),
(131, '2025-05-07 17:31:03', '307', '64312995', NULL, '2025-05-13', '12:00:00', '13:00:00', 'ในเวลา', NULL, NULL, 'ขอใช้ห้องเพื่อทำวิจัย', NULL, NULL, NULL, 'รออนุมัติ'),
(132, '2025-05-13 19:56:57', '307', '65312994', NULL, '2025-05-13', '10:00:00', '11:00:00', 'ในเวลา', NULL, NULL, 'ขอใช้ห้องเพื่อติวหนังสือ', 'ต้องการใช้ห้องนี้เพื่อการเรียนรู้ต่าง ๆ ขอบคุณคะ', NULL, NULL, 'ยกเลิกการจอง'),
(133, '2025-05-08 11:16:54', '307', NULL, 'CS653129', '2025-05-13', '11:00:00', '13:00:00', 'ในเวลา', 'ADCS5624', NULL, 'ขอใช้ห้องเพื่อถ่ายทำวิดีโอ', 'มีความจำเป็นต้องใช้อุปกรณ์เฉพาะในห้องนี้สำหรับการทำ Lab Network ครับ', 'จำนวนคนใช้ห้องน้อยเกินไป', 'อุปกรณ์ที่ขอยืมไม่เพียงพอ', 'ไม่อนุมัติ'),
(134, '2025-05-14 14:52:08', '307', '64312995', NULL, '2025-05-14', '17:00:00', '19:00:00', 'นอกเวลา', NULL, NULL, 'ขอใช้ห้องเพื่อเรียนออนไลน์', 'มีความจำเป็นต้องใช้อุปกรณ์เฉพาะในห้องนี้สำหรับการทำ Lab Network ครับ', NULL, NULL, 'รออนุมัติ'),
(135, '2025-05-08 17:42:03', '307', '65312997', NULL, '2025-05-14', '21:00:00', '22:00:00', 'นอกเวลา', NULL, 'CSB25645', 'ขอใช้ห้องเพื่อเรียนออนไลน์', NULL, 'มีคำขออื่นถูกอนุมัติแล้ว', NULL, 'ไม่อนุมัติ'),
(136, '2025-05-10 15:23:57', '307', '64312995', NULL, '2025-05-14', '20:00:00', '22:00:00', 'นอกเวลา', NULL, NULL, 'ขอใช้ห้องเพื่อกิจกรรมชมรม', NULL, NULL, NULL, 'รอดำเนินการ'),
(137, '2025-05-07 20:06:13', '307', NULL, 'CS663129', '2025-05-14', '20:00:00', '21:00:00', 'นอกเวลา', NULL, NULL, 'ขอใช้ห้องเพื่อถ่ายทำวิดีโอ', 'ประชุมกับเพื่อน ๆ ค่ะ', NULL, NULL, 'รออนุมัติ'),
(138, '2025-05-09 08:42:52', '307', '65312994', NULL, '2025-05-14', '18:00:00', '20:00:00', 'นอกเวลา', NULL, NULL, 'ขอใช้ห้องเพื่อวัตถุประสงค์อื่น ๆ', 'มีความจำเป็นต้องใช้อุปกรณ์เฉพาะในห้องนี้สำหรับการทำ Lab Network ครับ', NULL, NULL, 'รออนุมัติ'),
(139, '2025-05-10 13:21:07', '307', NULL, 'CS673129', '2025-05-15', '21:00:00', '22:00:00', 'นอกเวลา', NULL, 'CSB25645', 'ขอใช้ห้องเพื่อวัตถุประสงค์อื่น ๆ', 'เตรียมตัวติวหนังสือให้เพื่อน ๆ', 'คำขอซ้ำซ้อน', 'เหตุผลที่ระบุไม่สอดคล้องกับการจองห้อง', 'ไม่อนุมัติ'),
(140, '2025-05-12 07:10:15', '307', '65312994', NULL, '2025-05-15', '21:00:00', '22:00:00', 'นอกเวลา', NULL, NULL, 'ขอใช้ห้องเพื่อถ่ายทำวิดีโอ', 'เพื่อเตรียมตัวสำหรับการสอบและประชุมกลุ่มในงาน CSIT Contest', NULL, NULL, 'รออนุมัติ'),
(141, '2025-05-15 22:14:28', '307', '64312995', NULL, '2025-05-15', '20:00:00', '21:00:00', 'นอกเวลา', NULL, NULL, 'ขอใช้ห้องเพื่อทำวิจัย', 'เพื่อเตรียมตัวสำหรับการสอบและประชุมกลุ่มในงาน CSIT Contest', NULL, NULL, 'รอดำเนินการ'),
(142, '2025-05-11 21:49:01', '307', NULL, 'CS673129', '2025-05-15', '19:00:00', '20:00:00', 'นอกเวลา', NULL, NULL, 'ขอใช้ห้องเพื่อติวหนังสือ', NULL, NULL, NULL, 'รออนุมัติ'),
(143, '2025-05-15 15:04:38', '307', NULL, 'CS653129', '2025-05-15', '19:00:00', '20:00:00', 'นอกเวลา', NULL, NULL, 'ขอใช้ห้องเพื่อติวหนังสือ', NULL, NULL, NULL, 'รอดำเนินการ'),
(144, '2025-05-12 19:36:40', '307', NULL, 'CS663129', '2025-05-16', '18:00:00', '20:00:00', 'นอกเวลา', NULL, NULL, 'ขอใช้ห้องเพื่อวัตถุประสงค์อื่น ๆ', 'มีความจำเป็นต้องใช้อุปกรณ์เฉพาะในห้องนี้สำหรับการทำ Lab Network ครับ', NULL, NULL, 'รอดำเนินการ'),
(145, '2025-05-09 22:23:00', '307', '65312997', NULL, '2025-05-16', '14:00:00', '15:00:00', 'ในเวลา', NULL, NULL, 'ขอใช้ห้องเพื่อกิจกรรมชมรม', 'เตรียมซ้อมกิจกรรมรับน้อง', NULL, NULL, 'รอดำเนินการ'),
(146, '2025-05-09 21:31:39', '307', '65312994', NULL, '2025-05-16', '13:00:00', '14:00:00', 'ในเวลา', NULL, NULL, 'ขอใช้ห้องเพื่อทำงาน', NULL, NULL, NULL, 'รอดำเนินการ'),
(147, '2025-05-18 21:48:19', '307', '65312997', NULL, '2025-05-19', '08:00:00', '10:00:00', 'ในเวลา', NULL, NULL, 'ขอใช้ห้องเพื่อทำวิจัย', NULL, NULL, NULL, 'รออนุมัติ'),
(148, '2025-05-14 08:16:40', '307', NULL, 'CS653129', '2025-05-19', '18:00:00', '19:00:00', 'นอกเวลา', NULL, NULL, 'ขอใช้ห้องเพื่อถ่ายทำวิดีโอ', 'เตรียมซ้อมกิจกรรมรับน้อง', NULL, NULL, 'รออนุมัติ'),
(149, '2025-05-13 12:29:25', '307', NULL, 'CS673129', '2025-05-19', '09:00:00', '10:00:00', 'ในเวลา', NULL, NULL, 'ขอใช้ห้องเพื่อกิจกรรมชมรม', 'เตรียมตัวติวหนังสือให้เพื่อน ๆ', NULL, NULL, 'รออนุมัติ'),
(150, '2025-05-12 21:51:09', '307', '65312994', NULL, '2025-05-19', '21:00:00', '22:00:00', 'นอกเวลา', NULL, 'CSB25645', 'ขอใช้ห้องเพื่อกิจกรรมชมรม', NULL, NULL, NULL, 'อนุมัติ'),
(151, '2025-05-16 12:03:19', '307', '65312994', NULL, '2025-05-19', '18:00:00', '20:00:00', 'นอกเวลา', NULL, NULL, 'ขอใช้ห้องเพื่อทำงาน', NULL, NULL, NULL, 'ยกเลิกการจอง'),
(152, '2025-05-14 21:10:25', '307', NULL, 'CS673129', '2025-05-19', '12:00:00', '13:00:00', 'ในเวลา', 'ADCS5624', NULL, 'ขอใช้ห้องเพื่อถ่ายทำวิดีโอ', NULL, NULL, NULL, 'อนุมัติ'),
(153, '2025-05-12 11:27:35', '307', '65312997', NULL, '2025-05-19', '19:00:00', '20:00:00', 'นอกเวลา', NULL, NULL, 'ขอใช้ห้องเพื่อติวหนังสือ', 'เพื่อเตรียมตัวสำหรับการสอบและประชุมกลุ่มในงาน CSIT Contest', NULL, NULL, 'รออนุมัติ'),
(154, '2025-05-17 10:11:33', '307', NULL, 'CS653129', '2025-05-19', '08:00:00', '10:00:00', 'ในเวลา', NULL, NULL, 'ขอใช้ห้องเพื่อถ่ายทำวิดีโอ', 'เตรียมซ้อมกิจกรรมรับน้อง', NULL, NULL, 'รออนุมัติ'),
(155, '2025-05-20 11:13:59', '307', '65312997', NULL, '2025-05-21', '20:00:00', '21:00:00', 'นอกเวลา', NULL, NULL, 'ขอใช้ห้องเพื่อติวหนังสือ', 'เพื่อจัดกิจกรรมเสริมสร้างความรู้และทักษะในวิชา', NULL, NULL, 'รออนุมัติ'),
(156, '2025-05-18 18:06:16', '307', '65312994', NULL, '2025-05-22', '20:00:00', '22:00:00', 'นอกเวลา', NULL, NULL, 'ขอใช้ห้องเพื่อเรียนออนไลน์', 'เตรียมตัวติวหนังสือให้เพื่อน ๆ', NULL, NULL, 'รอดำเนินการ'),
(157, '2025-05-19 07:37:43', '307', '65312994', NULL, '2025-05-22', '17:00:00', '18:00:00', 'นอกเวลา', NULL, NULL, 'ขอใช้ห้องเพื่อจัดกิจกรรมเสริมความรู้', 'เตรียมซ้อมกิจกรรมรับน้อง', NULL, NULL, 'รออนุมัติ'),
(158, '2025-05-26 06:32:06', '307', '64312995', NULL, '2025-05-26', '08:00:00', '09:00:00', 'ในเวลา', NULL, NULL, 'ขอใช้ห้องเพื่อทำงาน', NULL, NULL, NULL, 'รอดำเนินการ'),
(159, '2025-05-19 19:00:56', '307', NULL, 'CS653129', '2025-05-26', '08:00:00', '09:00:00', 'ในเวลา', NULL, NULL, 'ขอใช้ห้องเพื่อกิจกรรมชมรม', 'ประชุมกับเพื่อน ๆ ค่ะ', NULL, NULL, 'ยกเลิกการจอง'),
(160, '2025-05-24 07:01:31', '307', '65312997', NULL, '2025-05-27', '19:00:00', '20:00:00', 'นอกเวลา', NULL, NULL, 'ขอใช้ห้องเพื่อจัดกิจกรรมเสริมความรู้', NULL, NULL, NULL, 'ยกเลิกการจอง'),
(161, '2025-05-21 07:22:02', '307', NULL, 'CS673129', '2025-05-28', '19:00:00', '21:00:00', 'นอกเวลา', NULL, NULL, 'ขอใช้ห้องเพื่อเรียนออนไลน์', NULL, NULL, NULL, 'รออนุมัติ'),
(162, '2025-05-27 09:53:59', '307', NULL, 'CS663129', '2025-05-29', '12:00:00', '13:00:00', 'ในเวลา', NULL, NULL, 'ขอใช้ห้องเพื่อกิจกรรมชมรม', 'เพื่อจัดกิจกรรมเสริมสร้างความรู้และทักษะในวิชา', NULL, NULL, 'รอดำเนินการ'),
(163, '2025-05-22 17:24:15', '307', NULL, 'CS663129', '2025-05-29', '21:00:00', '22:00:00', 'นอกเวลา', NULL, 'CSB25645', 'ขอใช้ห้องเพื่อจัดกิจกรรมเสริมความรู้', 'มีความจำเป็นต้องใช้อุปกรณ์เฉพาะในห้องนี้สำหรับการทำ Lab Network ครับ', 'มีคำขออื่นถูกอนุมัติแล้ว', NULL, 'ไม่อนุมัติ'),
(164, '2025-05-29 08:12:07', '307', '65312994', NULL, '2025-05-29', '18:00:00', '19:00:00', 'นอกเวลา', NULL, 'CSB15430', 'ขอใช้ห้องเพื่อจัดกิจกรรมเสริมความรู้', 'เตรียมซ้อมกิจกรรมรับน้อง', NULL, NULL, 'อนุมัติ'),
(165, '2025-05-30 08:55:11', '307', '65312997', NULL, '2025-05-30', '12:00:00', '14:00:00', 'ในเวลา', NULL, NULL, 'ขอใช้ห้องเพื่อทำวิจัย', 'เพื่อเตรียมตัวสำหรับการสอบและประชุมกลุ่มในงาน CSIT Contest', NULL, NULL, 'รออนุมัติ'),
(166, '2025-03-03 22:40:34', '414', '65312997', NULL, '2025-03-03', '19:00:00', '21:00:00', 'นอกเวลา', NULL, 'CSB25645', 'ขอใช้ห้องเพื่อกิจกรรมชมรม', NULL, 'จำนวนคนใช้ห้องน้อยเกินไป', 'พบว่าการใช้ห้องไม่ตรงกับวัตถุประสงค์ที่ระบุไว้', 'ไม่อนุมัติ'),
(167, '2025-03-02 08:40:33', '414', NULL, 'CS673129', '2025-03-03', '15:00:00', '16:00:00', 'ในเวลา', NULL, NULL, 'ขอใช้ห้องเพื่อทำวิจัย', 'เตรียมตัวติวหนังสือให้เพื่อน ๆ', NULL, NULL, 'คำขอหมดอายุ'),
(168, '2025-03-03 17:06:01', '414', NULL, 'CS663129', '2025-03-03', '08:00:00', '10:00:00', 'ในเวลา', NULL, NULL, 'ขอใช้ห้องเพื่อจัดกิจกรรมเสริมความรู้', 'ต้องการใช้ห้องนี้เพื่อการเรียนรู้ต่าง ๆ ขอบคุณคะ', NULL, NULL, 'คำขอหมดอายุ'),
(169, '2025-03-03 22:45:45', '414', NULL, 'CS673129', '2025-03-04', '09:00:00', '10:00:00', 'ในเวลา', 'ADCS7823', NULL, 'ขอใช้ห้องเพื่อติวหนังสือ', NULL, NULL, NULL, 'อนุมัติ'),
(170, '2025-03-02 18:41:52', '414', '65312994', NULL, '2025-03-04', '10:00:00', '12:00:00', 'ในเวลา', NULL, NULL, 'ขอใช้ห้องเพื่อวัตถุประสงค์อื่น ๆ', 'มีความจำเป็นต้องใช้อุปกรณ์เฉพาะในห้องนี้สำหรับการทำ Lab Network ครับ', NULL, NULL, 'คำขอหมดอายุ'),
(171, '2025-03-03 13:30:46', '414', NULL, 'CS653129', '2025-03-04', '17:00:00', '19:00:00', 'นอกเวลา', NULL, NULL, 'ขอใช้ห้องเพื่อติวหนังสือ', NULL, NULL, NULL, 'คำขอหมดอายุ'),
(172, '2025-03-04 18:47:07', '414', '65312997', NULL, '2025-03-04', '11:00:00', '12:00:00', 'ในเวลา', NULL, NULL, 'ขอใช้ห้องเพื่อเรียนออนไลน์', 'มีความจำเป็นต้องใช้อุปกรณ์เฉพาะในห้องนี้สำหรับการทำ Lab Network ครับ', NULL, NULL, 'คำขอหมดอายุ'),
(173, '2025-03-02 07:17:39', '414', NULL, 'CS663129', '2025-03-05', '19:00:00', '21:00:00', 'นอกเวลา', NULL, NULL, 'ขอใช้ห้องเพื่อติวหนังสือ', 'มีความจำเป็นต้องใช้อุปกรณ์เฉพาะในห้องนี้สำหรับการทำ Lab Network ครับ', NULL, NULL, 'คำขอหมดอายุ'),
(174, '2025-03-03 12:57:39', '414', '64312995', NULL, '2025-03-06', '18:00:00', '19:00:00', 'นอกเวลา', NULL, 'CSB25645', 'ขอใช้ห้องเพื่อวัตถุประสงค์อื่น ๆ', 'มีความจำเป็นต้องใช้อุปกรณ์เฉพาะในห้องนี้สำหรับการทำ Lab Network ครับ', 'จำนวนคนใช้ห้องน้อยเกินไป', NULL, 'ไม่อนุมัติ'),
(175, '2025-03-02 12:30:44', '414', '65312994', NULL, '2025-03-06', '12:00:00', '13:00:00', 'ในเวลา', NULL, NULL, 'ขอใช้ห้องเพื่อเรียนออนไลน์', NULL, NULL, NULL, 'คำขอหมดอายุ'),
(176, '2025-03-03 19:37:12', '414', '65312997', NULL, '2025-03-06', '18:00:00', '20:00:00', 'นอกเวลา', NULL, 'CSB25645', 'ขอใช้ห้องเพื่อถ่ายทำวิดีโอ', NULL, NULL, NULL, 'อนุมัติ'),
(177, '2025-03-02 21:14:56', '414', '64312995', NULL, '2025-03-06', '20:00:00', '21:00:00', 'นอกเวลา', NULL, NULL, 'ขอใช้ห้องเพื่อทำงาน', NULL, NULL, NULL, 'คำขอหมดอายุ'),
(178, '2025-03-07 15:24:07', '414', NULL, 'CS663129', '2025-03-10', '14:00:00', '16:00:00', 'ในเวลา', NULL, NULL, 'ขอใช้ห้องเพื่อทำวิจัย', NULL, NULL, NULL, 'คำขอหมดอายุ'),
(179, '2025-03-07 22:19:00', '414', '65312997', NULL, '2025-03-11', '21:00:00', '22:00:00', 'นอกเวลา', NULL, NULL, 'ขอใช้ห้องเพื่อวัตถุประสงค์อื่น ๆ', 'เตรียมตัวติวหนังสือให้เพื่อน ๆ', NULL, NULL, 'คำขอหมดอายุ'),
(180, '2025-03-06 10:12:04', '414', '65312994', NULL, '2025-03-11', '08:00:00', '09:00:00', 'ในเวลา', NULL, NULL, 'ขอใช้ห้องเพื่อทำงาน', NULL, NULL, NULL, 'ยกเลิกการจอง'),
(181, '2025-03-04 19:13:04', '414', '64312995', NULL, '2025-03-11', '09:00:00', '11:00:00', 'ในเวลา', NULL, NULL, 'ขอใช้ห้องเพื่อถ่ายทำวิดีโอ', 'เตรียมซ้อมกิจกรรมรับน้อง', NULL, NULL, 'ยกเลิกการจอง'),
(182, '2025-03-08 21:40:06', '414', '65312994', NULL, '2025-03-11', '11:00:00', '13:00:00', 'ในเวลา', NULL, NULL, 'ขอใช้ห้องเพื่อติวหนังสือ', NULL, NULL, NULL, 'คำขอหมดอายุ'),
(183, '2025-03-06 18:43:05', '414', '65312994', NULL, '2025-03-11', '20:00:00', '21:00:00', 'นอกเวลา', NULL, 'CSB25645', 'ขอใช้ห้องเพื่อทำงาน', NULL, 'ห้องมีการบำรุงรักษาหรือติดตั้งอุปกรณ์ใหม่', NULL, 'ไม่อนุมัติ'),
(184, '2025-03-10 09:37:21', '414', '65312997', NULL, '2025-03-11', '12:00:00', '13:00:00', 'ในเวลา', 'ADCS5624', NULL, 'ขอใช้ห้องเพื่อกิจกรรมชมรม', 'เพื่อเตรียมตัวสำหรับการสอบและประชุมกลุ่มในงาน CSIT Contest', NULL, NULL, 'อนุมัติ'),
(185, '2025-03-09 08:34:58', '414', '64312995', NULL, '2025-03-12', '21:00:00', '22:00:00', 'นอกเวลา', NULL, NULL, 'ขอใช้ห้องเพื่อติวหนังสือ', 'เตรียมตัวติวหนังสือให้เพื่อน ๆ', NULL, NULL, 'ยกเลิกการจอง'),
(186, '2025-03-10 13:02:18', '414', NULL, 'CS673129', '2025-03-12', '17:00:00', '18:00:00', 'นอกเวลา', NULL, 'CSB25645', 'ขอใช้ห้องเพื่อวัตถุประสงค์อื่น ๆ', 'ต้องการใช้ห้องนี้เพื่อการเรียนรู้ต่าง ๆ ขอบคุณคะ', NULL, NULL, 'อนุมัติ'),
(187, '2025-03-13 21:09:03', '414', '65312997', NULL, '2025-03-13', '19:00:00', '21:00:00', 'นอกเวลา', NULL, NULL, 'ขอใช้ห้องเพื่อถ่ายทำวิดีโอ', 'เตรียมซ้อมกิจกรรมรับน้อง', NULL, NULL, 'คำขอหมดอายุ'),
(188, '2025-03-06 17:21:22', '414', NULL, 'CS663129', '2025-03-13', '19:00:00', '21:00:00', 'นอกเวลา', NULL, 'CSB25645', 'ขอใช้ห้องเพื่อติวหนังสือ', 'มีความจำเป็นต้องใช้อุปกรณ์เฉพาะในห้องนี้สำหรับการทำ Lab Network ครับ', 'ห้องมีการบำรุงรักษาหรือติดตั้งอุปกรณ์ใหม่', NULL, 'ไม่อนุมัติ'),
(189, '2025-03-18 22:15:32', '414', NULL, 'CS663129', '2025-03-18', '08:00:00', '10:00:00', 'ในเวลา', NULL, NULL, 'ขอใช้ห้องเพื่อวัตถุประสงค์อื่น ๆ', NULL, NULL, NULL, 'คำขอหมดอายุ'),
(190, '2025-03-14 06:14:16', '414', NULL, 'CS653129', '2025-03-18', '18:00:00', '20:00:00', 'นอกเวลา', NULL, NULL, 'ขอใช้ห้องเพื่อวัตถุประสงค์อื่น ๆ', 'ประชุมกับเพื่อน ๆ ค่ะ', NULL, NULL, 'คำขอหมดอายุ'),
(191, '2025-03-11 13:20:50', '414', NULL, 'CS663129', '2025-03-18', '21:00:00', '22:00:00', 'นอกเวลา', NULL, 'CSB25645', 'ขอใช้ห้องเพื่อทำงาน', NULL, NULL, NULL, 'อนุมัติ'),
(192, '2025-03-16 16:16:05', '414', '65312994', NULL, '2025-03-18', '17:00:00', '18:00:00', 'นอกเวลา', NULL, NULL, 'ขอใช้ห้องเพื่อทำวิจัย', NULL, NULL, NULL, 'คำขอหมดอายุ'),
(193, '2025-03-13 16:35:56', '414', NULL, 'CS653129', '2025-03-18', '19:00:00', '20:00:00', 'นอกเวลา', NULL, NULL, 'ขอใช้ห้องเพื่อทำวิจัย', 'เพื่อจัดกิจกรรมเสริมสร้างความรู้และทักษะในวิชา', NULL, NULL, 'ยกเลิกการจอง'),
(194, '2025-03-17 13:50:57', '414', '65312994', NULL, '2025-03-19', '20:00:00', '22:00:00', 'นอกเวลา', NULL, 'CSB25645', 'ขอใช้ห้องเพื่อวัตถุประสงค์อื่น ๆ', 'เพื่อเตรียมตัวสำหรับการสอบและประชุมกลุ่มในงาน CSIT Contest', 'คำขอซ้ำซ้อน', NULL, 'ไม่อนุมัติ'),
(195, '2025-03-13 13:37:26', '414', '64312995', NULL, '2025-03-19', '20:00:00', '21:00:00', 'นอกเวลา', NULL, 'CSB25645', 'ขอใช้ห้องเพื่อเรียนออนไลน์', NULL, 'คำขอซ้ำซ้อน', NULL, 'ไม่อนุมัติ'),
(196, '2025-03-14 14:29:48', '414', NULL, 'CS673129', '2025-03-19', '12:00:00', '13:00:00', 'ในเวลา', NULL, NULL, 'ขอใช้ห้องเพื่อทำงาน', NULL, NULL, NULL, 'คำขอหมดอายุ'),
(197, '2025-03-13 07:22:04', '414', NULL, 'CS663129', '2025-03-20', '12:00:00', '13:00:00', 'ในเวลา', 'ADCS5624', NULL, 'ขอใช้ห้องเพื่อทำงาน', 'มีความจำเป็นต้องใช้อุปกรณ์เฉพาะในห้องนี้สำหรับการทำ Lab Network ครับ', 'คำขอซ้ำซ้อน', 'พบว่าการใช้ห้องไม่ตรงกับวัตถุประสงค์ที่ระบุไว้', 'ไม่อนุมัติ'),
(198, '2025-03-14 20:47:40', '414', '64312995', NULL, '2025-03-20', '19:00:00', '21:00:00', 'นอกเวลา', NULL, NULL, 'ขอใช้ห้องเพื่อวัตถุประสงค์อื่น ๆ', 'มีความจำเป็นต้องใช้อุปกรณ์เฉพาะในห้องนี้สำหรับการทำ Lab Network ครับ', NULL, NULL, 'คำขอหมดอายุ'),
(199, '2025-03-15 10:05:15', '414', '65312997', NULL, '2025-03-20', '18:00:00', '20:00:00', 'นอกเวลา', NULL, NULL, 'ขอใช้ห้องเพื่อจัดกิจกรรมเสริมความรู้', 'ต้องการใช้ห้องนี้เพื่อการเรียนรู้ต่าง ๆ ขอบคุณคะ', NULL, NULL, 'คำขอหมดอายุ'),
(200, '2025-03-15 15:29:59', '414', '64312995', NULL, '2025-03-20', '19:00:00', '21:00:00', 'นอกเวลา', NULL, NULL, 'ขอใช้ห้องเพื่อถ่ายทำวิดีโอ', 'เตรียมตัวติวหนังสือให้เพื่อน ๆ', NULL, NULL, 'คำขอหมดอายุ'),
(201, '2025-03-17 19:28:42', '414', '65312997', NULL, '2025-03-20', '20:00:00', '22:00:00', 'นอกเวลา', NULL, 'CSB25645', 'ขอใช้ห้องเพื่อเรียนออนไลน์', NULL, NULL, NULL, 'อนุมัติ'),
(202, '2025-03-19 22:21:24', '414', NULL, 'CS653129', '2025-03-21', '19:00:00', '21:00:00', 'นอกเวลา', NULL, 'CSB25645', 'ขอใช้ห้องเพื่อติวหนังสือ', 'เพื่อเตรียมตัวสำหรับการสอบและประชุมกลุ่มในงาน CSIT Contest', NULL, NULL, 'อนุมัติ'),
(203, '2025-03-18 16:10:39', '414', '65312994', NULL, '2025-03-21', '17:00:00', '18:00:00', 'นอกเวลา', NULL, NULL, 'ขอใช้ห้องเพื่อติวหนังสือ', 'ต้องการใช้ห้องนี้เพื่อการเรียนรู้ต่าง ๆ ขอบคุณคะ', NULL, NULL, 'คำขอหมดอายุ'),
(204, '2025-03-20 15:31:50', '414', NULL, 'CS673129', '2025-03-21', '18:00:00', '19:00:00', 'นอกเวลา', NULL, NULL, 'ขอใช้ห้องเพื่อกิจกรรมชมรม', NULL, NULL, NULL, 'คำขอหมดอายุ'),
(205, '2025-03-20 15:52:03', '414', '65312997', NULL, '2025-03-21', '18:00:00', '19:00:00', 'นอกเวลา', NULL, NULL, 'ขอใช้ห้องเพื่อจัดกิจกรรมเสริมความรู้', NULL, NULL, NULL, 'คำขอหมดอายุ'),
(206, '2025-03-17 09:23:55', '414', NULL, 'CS663129', '2025-03-24', '12:00:00', '14:00:00', 'ในเวลา', NULL, NULL, 'ขอใช้ห้องเพื่อกิจกรรมชมรม', 'ต้องการใช้ห้องนี้เพื่อการเรียนรู้ต่าง ๆ ขอบคุณคะ', NULL, NULL, 'คำขอหมดอายุ'),
(207, '2025-03-22 15:52:09', '414', '65312994', NULL, '2025-03-24', '17:00:00', '18:00:00', 'นอกเวลา', NULL, 'CSB25645', 'ขอใช้ห้องเพื่อทำวิจัย', 'มีความจำเป็นต้องใช้อุปกรณ์เฉพาะในห้องนี้สำหรับการทำ Lab Network ครับ', NULL, NULL, 'อนุมัติ'),
(208, '2025-03-18 11:45:36', '414', NULL, 'CS653129', '2025-03-25', '18:00:00', '19:00:00', 'นอกเวลา', NULL, NULL, 'ขอใช้ห้องเพื่อทำวิจัย', NULL, NULL, NULL, 'คำขอหมดอายุ'),
(209, '2025-03-22 15:31:33', '414', '65312997', NULL, '2025-03-25', '19:00:00', '20:00:00', 'นอกเวลา', NULL, NULL, 'ขอใช้ห้องเพื่อวัตถุประสงค์อื่น ๆ', NULL, NULL, NULL, 'คำขอหมดอายุ'),
(210, '2025-03-24 21:36:21', '414', '65312994', NULL, '2025-03-25', '19:00:00', '20:00:00', 'นอกเวลา', NULL, NULL, 'ขอใช้ห้องเพื่อทำงาน', 'เตรียมซ้อมกิจกรรมรับน้อง', NULL, NULL, 'คำขอหมดอายุ'),
(211, '2025-03-19 21:07:48', '414', NULL, 'CS663129', '2025-03-25', '10:00:00', '11:00:00', 'ในเวลา', NULL, NULL, 'ขอใช้ห้องเพื่อติวหนังสือ', 'เพื่อเตรียมตัวสำหรับการสอบและประชุมกลุ่มในงาน CSIT Contest', NULL, NULL, 'ยกเลิกการจอง'),
(212, '2025-03-23 07:32:46', '414', '65312994', NULL, '2025-03-25', '08:00:00', '10:00:00', 'ในเวลา', NULL, NULL, 'ขอใช้ห้องเพื่อทำวิจัย', 'เตรียมตัวติวหนังสือให้เพื่อน ๆ', NULL, NULL, 'คำขอหมดอายุ'),
(213, '2025-03-21 18:06:47', '414', NULL, 'CS663129', '2025-03-25', '09:00:00', '10:00:00', 'ในเวลา', NULL, NULL, 'ขอใช้ห้องเพื่อจัดกิจกรรมเสริมความรู้', NULL, NULL, NULL, 'คำขอหมดอายุ'),
(214, '2025-03-20 21:00:32', '414', NULL, 'CS673129', '2025-03-25', '09:00:00', '10:00:00', 'ในเวลา', NULL, NULL, 'ขอใช้ห้องเพื่อทำวิจัย', 'มีความจำเป็นต้องใช้อุปกรณ์เฉพาะในห้องนี้สำหรับการทำ Lab Network ครับ', NULL, NULL, 'คำขอหมดอายุ'),
(215, '2025-03-22 19:17:47', '414', NULL, 'CS673129', '2025-03-28', '17:00:00', '19:00:00', 'นอกเวลา', NULL, NULL, 'ขอใช้ห้องเพื่อถ่ายทำวิดีโอ', NULL, NULL, NULL, 'คำขอหมดอายุ'),
(216, '2025-03-26 18:16:37', '414', NULL, 'CS673129', '2025-03-28', '17:00:00', '19:00:00', 'นอกเวลา', NULL, NULL, 'ขอใช้ห้องเพื่อวัตถุประสงค์อื่น ๆ', NULL, NULL, NULL, 'คำขอหมดอายุ'),
(217, '2025-03-22 08:37:17', '414', '65312994', NULL, '2025-03-28', '19:00:00', '21:00:00', 'นอกเวลา', NULL, NULL, 'ขอใช้ห้องเพื่อทำงาน', NULL, NULL, NULL, 'คำขอหมดอายุ'),
(218, '2025-03-27 14:49:10', '414', '65312997', NULL, '2025-03-31', '08:00:00', '10:00:00', 'ในเวลา', NULL, NULL, 'ขอใช้ห้องเพื่อติวหนังสือ', 'เพื่อจัดกิจกรรมเสริมสร้างความรู้และทักษะในวิชา', NULL, NULL, 'คำขอหมดอายุ'),
(219, '2025-03-25 22:38:15', '414', NULL, 'CS663129', '2025-03-31', '19:00:00', '21:00:00', 'นอกเวลา', NULL, 'CSB25645', 'ขอใช้ห้องเพื่อทำงาน', 'ต้องการใช้ห้องนี้เพื่อการเรียนรู้ต่าง ๆ ขอบคุณคะ', 'ห้องมีการบำรุงรักษาหรือติดตั้งอุปกรณ์ใหม่', 'เนื่องจากมีการใช้ห้องผิดประเภท ซึ่งไม่สามารถอนุมัติคำขอนี้ได้', 'ไม่อนุมัติ'),
(220, '2025-04-01 12:01:33', '414', NULL, 'CS663129', '2025-04-01', '10:00:00', '11:00:00', 'ในเวลา', NULL, NULL, 'ขอใช้ห้องเพื่อถ่ายทำวิดีโอ', NULL, NULL, NULL, 'คำขอหมดอายุ'),
(221, '2025-03-31 16:08:51', '414', '65312994', NULL, '2025-04-01', '11:00:00', '13:00:00', 'ในเวลา', NULL, NULL, 'ขอใช้ห้องเพื่อถ่ายทำวิดีโอ', NULL, NULL, NULL, 'คำขอหมดอายุ'),
(222, '2025-03-29 18:24:12', '414', '65312997', NULL, '2025-04-01', '21:00:00', '22:00:00', 'นอกเวลา', NULL, NULL, 'ขอใช้ห้องเพื่อติวหนังสือ', NULL, NULL, NULL, 'คำขอหมดอายุ'),
(223, '2025-03-25 18:24:01', '414', NULL, 'CS673129', '2025-04-01', '17:00:00', '19:00:00', 'นอกเวลา', NULL, NULL, 'ขอใช้ห้องเพื่อติวหนังสือ', NULL, NULL, NULL, 'ยกเลิกการจอง'),
(224, '2025-03-25 07:54:16', '414', '64312995', NULL, '2025-04-01', '08:00:00', '10:00:00', 'ในเวลา', NULL, NULL, 'ขอใช้ห้องเพื่อวัตถุประสงค์อื่น ๆ', NULL, NULL, NULL, 'คำขอหมดอายุ'),
(225, '2025-03-26 09:13:35', '414', NULL, 'CS653129', '2025-04-01', '11:00:00', '12:00:00', 'ในเวลา', NULL, NULL, 'ขอใช้ห้องเพื่อเรียนออนไลน์', 'เตรียมตัวติวหนังสือให้เพื่อน ๆ', NULL, NULL, 'คำขอหมดอายุ'),
(226, '2025-03-30 17:00:35', '414', NULL, 'CS673129', '2025-04-01', '08:00:00', '09:00:00', 'ในเวลา', NULL, NULL, 'ขอใช้ห้องเพื่อทำงาน', NULL, NULL, NULL, 'คำขอหมดอายุ'),
(227, '2025-03-30 08:07:58', '414', NULL, 'CS673129', '2025-04-02', '18:00:00', '20:00:00', 'นอกเวลา', NULL, NULL, 'ขอใช้ห้องเพื่อกิจกรรมชมรม', NULL, NULL, NULL, 'คำขอหมดอายุ'),
(228, '2025-03-30 22:53:57', '414', '65312997', NULL, '2025-04-02', '12:00:00', '13:00:00', 'ในเวลา', NULL, NULL, 'ขอใช้ห้องเพื่อติวหนังสือ', 'มีความจำเป็นต้องใช้อุปกรณ์เฉพาะในห้องนี้สำหรับการทำ Lab Network ครับ', NULL, NULL, 'คำขอหมดอายุ'),
(229, '2025-03-27 18:46:51', '414', NULL, 'CS653129', '2025-04-02', '19:00:00', '20:00:00', 'นอกเวลา', NULL, NULL, 'ขอใช้ห้องเพื่อถ่ายทำวิดีโอ', 'เพื่อจัดกิจกรรมเสริมสร้างความรู้และทักษะในวิชา', NULL, NULL, 'คำขอหมดอายุ'),
(230, '2025-03-28 08:27:39', '414', NULL, 'CS663129', '2025-04-02', '21:00:00', '22:00:00', 'นอกเวลา', NULL, NULL, 'ขอใช้ห้องเพื่อติวหนังสือ', NULL, NULL, NULL, 'ยกเลิกการจอง'),
(231, '2025-03-30 18:40:37', '414', NULL, 'CS673129', '2025-04-02', '17:00:00', '18:00:00', 'นอกเวลา', NULL, NULL, 'ขอใช้ห้องเพื่อทำวิจัย', NULL, NULL, NULL, 'คำขอหมดอายุ'),
(232, '2025-03-28 19:46:16', '414', NULL, 'CS653129', '2025-04-02', '20:00:00', '22:00:00', 'นอกเวลา', NULL, NULL, 'ขอใช้ห้องเพื่อวัตถุประสงค์อื่น ๆ', 'ประชุมกับเพื่อน ๆ ค่ะ', NULL, NULL, 'คำขอหมดอายุ'),
(233, '2025-03-28 19:46:47', '414', NULL, 'CS673129', '2025-04-03', '12:00:00', '13:00:00', 'ในเวลา', NULL, NULL, 'ขอใช้ห้องเพื่อเรียนออนไลน์', NULL, NULL, NULL, 'คำขอหมดอายุ'),
(234, '2025-03-30 08:49:29', '414', '64312995', NULL, '2025-04-04', '12:00:00', '13:00:00', 'ในเวลา', NULL, NULL, 'ขอใช้ห้องเพื่อเรียนออนไลน์', 'ประชุมกับเพื่อน ๆ ค่ะ', NULL, NULL, 'คำขอหมดอายุ'),
(235, '2025-04-05 17:40:58', '414', '65312997', NULL, '2025-04-07', '15:00:00', '16:00:00', 'ในเวลา', NULL, NULL, 'ขอใช้ห้องเพื่อถ่ายทำวิดีโอ', NULL, NULL, NULL, 'คำขอหมดอายุ'),
(236, '2025-03-31 16:29:25', '414', '65312994', NULL, '2025-04-07', '15:00:00', '16:00:00', 'ในเวลา', NULL, NULL, 'ขอใช้ห้องเพื่อทำวิจัย', 'เตรียมซ้อมกิจกรรมรับน้อง', NULL, NULL, 'คำขอหมดอายุ'),
(237, '2025-04-02 08:01:30', '414', NULL, 'CS653129', '2025-04-07', '08:00:00', '10:00:00', 'ในเวลา', NULL, NULL, 'ขอใช้ห้องเพื่อติวหนังสือ', 'เตรียมซ้อมกิจกรรมรับน้อง', NULL, NULL, 'ยกเลิกการจอง'),
(238, '2025-04-08 19:44:54', '414', '65312997', NULL, '2025-04-09', '20:00:00', '21:00:00', 'นอกเวลา', 'ADCS5624', NULL, 'ขอใช้ห้องเพื่อทำวิจัย', 'เพื่อเตรียมตัวสำหรับการสอบและประชุมกลุ่มในงาน CSIT Contest', NULL, NULL, 'รออนุมัติ'),
(239, '2025-04-03 21:39:02', '414', '65312994', NULL, '2025-04-10', '18:00:00', '19:00:00', 'นอกเวลา', NULL, NULL, 'ขอใช้ห้องเพื่อติวหนังสือ', NULL, NULL, NULL, 'รออนุมัติ'),
(240, '2025-04-08 07:43:15', '414', '65312994', NULL, '2025-04-10', '19:00:00', '20:00:00', 'นอกเวลา', 'ADCS5624', NULL, 'ขอใช้ห้องเพื่อวัตถุประสงค์อื่น ๆ', NULL, NULL, NULL, 'รออนุมัติ'),
(241, '2025-04-12 11:36:53', '414', '65312994', NULL, '2025-04-14', '17:00:00', '18:00:00', 'นอกเวลา', NULL, NULL, 'ขอใช้ห้องเพื่อติวหนังสือ', NULL, NULL, NULL, 'รอดำเนินการ'),
(242, '2025-04-08 22:53:57', '414', '65312997', NULL, '2025-04-14', '12:00:00', '13:00:00', 'ในเวลา', 'ADCS5624', NULL, 'ขอใช้ห้องเพื่อกิจกรรมชมรม', NULL, NULL, NULL, 'อนุมัติ'),
(243, '2025-04-12 19:13:19', '414', NULL, 'CS663129', '2025-04-15', '21:00:00', '22:00:00', 'นอกเวลา', NULL, NULL, 'ขอใช้ห้องเพื่อทำวิจัย', 'เพื่อเตรียมตัวสำหรับการสอบและประชุมกลุ่มในงาน CSIT Contest', NULL, NULL, 'รออนุมัติ'),
(244, '2025-04-11 11:15:06', '414', NULL, 'CS673129', '2025-04-15', '17:00:00', '19:00:00', 'นอกเวลา', NULL, NULL, 'ขอใช้ห้องเพื่อเรียนออนไลน์', NULL, NULL, NULL, 'รอดำเนินการ'),
(245, '2025-04-10 06:28:03', '414', '64312995', NULL, '2025-04-15', '09:00:00', '10:00:00', 'ในเวลา', 'ADCS5624', NULL, 'ขอใช้ห้องเพื่อเรียนออนไลน์', 'เตรียมตัวติวหนังสือให้เพื่อน ๆ', 'จำนวนคนใช้ห้องน้อยเกินไป', '', 'ไม่อนุมัติ'),
(246, '2025-04-12 13:44:34', '414', '65312997', NULL, '2025-04-17', '12:00:00', '13:00:00', 'ในเวลา', 'ADCS5624', NULL, 'ขอใช้ห้องเพื่อวัตถุประสงค์อื่น ๆ', 'เตรียมตัวติวหนังสือให้เพื่อน ๆ', NULL, NULL, 'อนุมัติ');
INSERT INTO `room_request` (`room_request_id`, `submitted_time`, `room_id`, `student_id`, `teacher_id`, `used_date`, `start_time`, `end_time`, `request_type`, `admin_id`, `executive_id`, `request_reason`, `detail_request_reason`, `reject_reason`, `detail_reject_reason`, `request_status`) VALUES
(247, '2025-04-12 17:40:31', '414', '64312995', NULL, '2025-04-17', '12:00:00', '13:00:00', 'ในเวลา', 'ADCS5624', NULL, 'ขอใช้ห้องเพื่อทำวิจัย', NULL, 'ห้องมีการบำรุงรักษาหรือติดตั้งอุปกรณ์ใหม่', 'พบว่าการใช้ห้องไม่ตรงกับวัตถุประสงค์ที่ระบุไว้', 'ไม่อนุมัติ'),
(248, '2025-04-11 14:43:41', '414', '64312995', NULL, '2025-04-17', '19:00:00', '21:00:00', 'นอกเวลา', NULL, NULL, 'ขอใช้ห้องเพื่อวัตถุประสงค์อื่น ๆ', 'ต้องการใช้ห้องนี้เพื่อการเรียนรู้ต่าง ๆ ขอบคุณคะ', NULL, NULL, 'รออนุมัติ'),
(249, '2025-04-17 18:56:20', '414', '64312995', NULL, '2025-04-17', '21:00:00', '22:00:00', 'นอกเวลา', NULL, NULL, 'ขอใช้ห้องเพื่อจัดกิจกรรมเสริมความรู้', 'เตรียมซ้อมกิจกรรมรับน้อง', NULL, NULL, 'รออนุมัติ'),
(250, '2025-04-11 15:09:01', '414', NULL, 'CS673129', '2025-04-17', '12:00:00', '13:00:00', 'ในเวลา', NULL, NULL, 'ขอใช้ห้องเพื่อทำวิจัย', NULL, NULL, NULL, 'ยกเลิกการจอง'),
(251, '2025-04-14 22:02:52', '414', NULL, 'CS673129', '2025-04-17', '21:00:00', '22:00:00', 'นอกเวลา', NULL, NULL, 'ขอใช้ห้องเพื่อกิจกรรมชมรม', NULL, NULL, NULL, 'รอดำเนินการ'),
(252, '2025-04-13 11:59:49', '414', '64312995', NULL, '2025-04-17', '12:00:00', '13:00:00', 'ในเวลา', NULL, NULL, 'ขอใช้ห้องเพื่อทำงาน', 'ต้องการใช้ห้องนี้เพื่อการเรียนรู้ต่าง ๆ ขอบคุณคะ', NULL, NULL, 'รออนุมัติ'),
(253, '2025-04-11 06:28:31', '414', NULL, 'CS663129', '2025-04-18', '12:00:00', '13:00:00', 'ในเวลา', NULL, NULL, 'ขอใช้ห้องเพื่อทำวิจัย', NULL, NULL, NULL, 'รออนุมัติ'),
(254, '2025-04-18 18:31:49', '414', NULL, 'CS653129', '2025-04-18', '12:00:00', '13:00:00', 'ในเวลา', NULL, NULL, 'ขอใช้ห้องเพื่อวัตถุประสงค์อื่น ๆ', 'เพื่อเตรียมตัวสำหรับการสอบและประชุมกลุ่มในงาน CSIT Contest', NULL, NULL, 'ยกเลิกการจอง'),
(255, '2025-04-12 17:55:25', '414', '65312994', NULL, '2025-04-18', '21:00:00', '22:00:00', 'นอกเวลา', NULL, NULL, 'ขอใช้ห้องเพื่อเรียนออนไลน์', NULL, NULL, NULL, 'รอดำเนินการ'),
(256, '2025-04-15 11:34:23', '414', NULL, 'CS663129', '2025-04-22', '21:00:00', '22:00:00', 'นอกเวลา', NULL, NULL, 'ขอใช้ห้องเพื่อถ่ายทำวิดีโอ', 'ต้องการใช้ห้องนี้เพื่อการเรียนรู้ต่าง ๆ ขอบคุณคะ', NULL, NULL, 'ยกเลิกการจอง'),
(257, '2025-04-22 11:47:44', '414', NULL, 'CS663129', '2025-04-22', '19:00:00', '21:00:00', 'นอกเวลา', NULL, NULL, 'ขอใช้ห้องเพื่อทำวิจัย', 'เพื่อจัดกิจกรรมเสริมสร้างความรู้และทักษะในวิชา', NULL, NULL, 'รอดำเนินการ'),
(258, '2025-04-18 19:45:06', '414', '65312994', NULL, '2025-04-22', '21:00:00', '22:00:00', 'นอกเวลา', NULL, NULL, 'ขอใช้ห้องเพื่อติวหนังสือ', NULL, NULL, NULL, 'รอดำเนินการ'),
(259, '2025-04-16 15:20:34', '414', '65312994', NULL, '2025-04-22', '20:00:00', '21:00:00', 'นอกเวลา', NULL, NULL, 'ขอใช้ห้องเพื่อถ่ายทำวิดีโอ', 'เพื่อเตรียมตัวสำหรับการสอบและประชุมกลุ่มในงาน CSIT Contest', NULL, NULL, 'รออนุมัติ'),
(260, '2025-04-16 06:42:49', '414', NULL, 'CS663129', '2025-04-22', '17:00:00', '18:00:00', 'นอกเวลา', NULL, 'CSB25645', 'ขอใช้ห้องเพื่อจัดกิจกรรมเสริมความรู้', 'เตรียมซ้อมกิจกรรมรับน้อง', 'คำขอซ้ำซ้อน', NULL, 'ไม่อนุมัติ'),
(261, '2025-04-21 13:16:01', '414', NULL, 'CS673129', '2025-04-23', '18:00:00', '20:00:00', 'นอกเวลา', NULL, NULL, 'ขอใช้ห้องเพื่อถ่ายทำวิดีโอ', 'ต้องการใช้ห้องนี้เพื่อการเรียนรู้ต่าง ๆ ขอบคุณคะ', NULL, NULL, 'รออนุมัติ'),
(262, '2025-04-21 16:56:40', '414', NULL, 'CS663129', '2025-04-24', '18:00:00', '19:00:00', 'นอกเวลา', NULL, NULL, 'ขอใช้ห้องเพื่อติวหนังสือ', 'ต้องการใช้ห้องนี้เพื่อการเรียนรู้ต่าง ๆ ขอบคุณคะ', NULL, NULL, 'ยกเลิกการจอง'),
(263, '2025-04-23 08:44:05', '414', NULL, 'CS673129', '2025-04-24', '19:00:00', '20:00:00', 'นอกเวลา', NULL, NULL, 'ขอใช้ห้องเพื่อวัตถุประสงค์อื่น ๆ', 'เตรียมซ้อมกิจกรรมรับน้อง', NULL, NULL, 'รอดำเนินการ'),
(264, '2025-04-18 17:38:27', '414', NULL, 'CS663129', '2025-04-24', '12:00:00', '13:00:00', 'ในเวลา', NULL, NULL, 'ขอใช้ห้องเพื่อกิจกรรมชมรม', 'ต้องการใช้ห้องนี้เพื่อการเรียนรู้ต่าง ๆ ขอบคุณคะ', NULL, NULL, 'ยกเลิกการจอง'),
(265, '2025-04-18 19:06:59', '414', '65312994', NULL, '2025-04-25', '18:00:00', '20:00:00', 'นอกเวลา', NULL, NULL, 'ขอใช้ห้องเพื่อวัตถุประสงค์อื่น ๆ', NULL, NULL, NULL, 'รออนุมัติ'),
(266, '2025-04-23 11:49:18', '414', NULL, 'CS653129', '2025-04-25', '12:00:00', '13:00:00', 'ในเวลา', NULL, NULL, 'ขอใช้ห้องเพื่อวัตถุประสงค์อื่น ๆ', 'ต้องการใช้ห้องนี้เพื่อการเรียนรู้ต่าง ๆ ขอบคุณคะ', NULL, NULL, 'ยกเลิกการจอง'),
(267, '2025-04-18 11:20:23', '414', '64312995', NULL, '2025-04-25', '12:00:00', '13:00:00', 'ในเวลา', 'ADCS5624', NULL, 'ขอใช้ห้องเพื่อทำงาน', 'มีความจำเป็นต้องใช้อุปกรณ์เฉพาะในห้องนี้สำหรับการทำ Lab Network ครับ', 'คำขอซ้ำซ้อน', NULL, 'ไม่อนุมัติ'),
(268, '2025-04-22 07:31:12', '414', NULL, 'CS673129', '2025-04-28', '12:00:00', '14:00:00', 'ในเวลา', 'ADCS7823', NULL, 'ขอใช้ห้องเพื่อทำงาน', NULL, 'มีคำขออื่นถูกอนุมัติแล้ว', NULL, 'ไม่อนุมัติ'),
(269, '2025-04-23 18:58:30', '414', NULL, 'CS653129', '2025-04-28', '17:00:00', '19:00:00', 'นอกเวลา', NULL, NULL, 'ขอใช้ห้องเพื่อกิจกรรมชมรม', 'ประชุมกับเพื่อน ๆ ค่ะ', NULL, NULL, 'รอดำเนินการ'),
(270, '2025-04-22 17:17:29', '414', '65312997', NULL, '2025-04-28', '21:00:00', '22:00:00', 'นอกเวลา', NULL, NULL, 'ขอใช้ห้องเพื่อถ่ายทำวิดีโอ', NULL, NULL, NULL, 'รอดำเนินการ'),
(271, '2025-04-21 06:09:10', '414', NULL, 'CS673129', '2025-04-28', '13:00:00', '15:00:00', 'ในเวลา', NULL, NULL, 'ขอใช้ห้องเพื่อติวหนังสือ', 'ต้องการใช้ห้องนี้เพื่อการเรียนรู้ต่าง ๆ ขอบคุณคะ', NULL, NULL, 'รอดำเนินการ'),
(272, '2025-04-24 09:00:08', '414', NULL, 'CS673129', '2025-04-28', '08:00:00', '09:00:00', 'ในเวลา', NULL, NULL, 'ขอใช้ห้องเพื่อติวหนังสือ', NULL, NULL, NULL, 'รอดำเนินการ'),
(273, '2025-04-25 09:06:43', '414', '65312994', NULL, '2025-04-28', '20:00:00', '21:00:00', 'นอกเวลา', NULL, NULL, 'ขอใช้ห้องเพื่อจัดกิจกรรมเสริมความรู้', NULL, NULL, NULL, 'รอดำเนินการ'),
(274, '2025-04-24 06:25:29', '414', NULL, 'CS663129', '2025-04-29', '20:00:00', '22:00:00', 'นอกเวลา', NULL, NULL, 'ขอใช้ห้องเพื่อติวหนังสือ', NULL, NULL, NULL, 'รอดำเนินการ'),
(275, '2025-04-29 09:38:58', '414', '65312994', NULL, '2025-04-29', '08:00:00', '10:00:00', 'ในเวลา', NULL, NULL, 'ขอใช้ห้องเพื่อวัตถุประสงค์อื่น ๆ', NULL, NULL, NULL, 'รอดำเนินการ'),
(276, '2025-04-23 07:21:16', '414', '65312994', NULL, '2025-04-29', '12:00:00', '13:00:00', 'ในเวลา', NULL, NULL, 'ขอใช้ห้องเพื่อทำวิจัย', NULL, NULL, NULL, 'รออนุมัติ'),
(277, '2025-04-22 11:27:23', '414', '65312994', NULL, '2025-04-29', '09:00:00', '11:00:00', 'ในเวลา', NULL, NULL, 'ขอใช้ห้องเพื่อทำวิจัย', 'มีความจำเป็นต้องใช้อุปกรณ์เฉพาะในห้องนี้สำหรับการทำ Lab Network ครับ', NULL, NULL, 'รอดำเนินการ'),
(278, '2025-04-25 13:05:00', '414', '64312995', NULL, '2025-05-01', '19:00:00', '20:00:00', 'นอกเวลา', NULL, 'CSB25645', 'ขอใช้ห้องเพื่อจัดกิจกรรมเสริมความรู้', 'เตรียมตัวติวหนังสือให้เพื่อน ๆ', NULL, NULL, 'อนุมัติ'),
(279, '2025-05-03 16:18:15', '414', '64312995', NULL, '2025-05-05', '15:00:00', '17:00:00', 'ในเวลา', NULL, NULL, 'ขอใช้ห้องเพื่อทำงาน', NULL, NULL, NULL, 'รออนุมัติ'),
(280, '2025-05-05 11:35:06', '414', '64312995', NULL, '2025-05-05', '12:00:00', '14:00:00', 'ในเวลา', NULL, NULL, 'ขอใช้ห้องเพื่อจัดกิจกรรมเสริมความรู้', 'ประชุมกับเพื่อน ๆ ค่ะ', NULL, NULL, 'รออนุมัติ'),
(281, '2025-04-29 12:03:39', '414', NULL, 'CS673129', '2025-05-05', '13:00:00', '14:00:00', 'ในเวลา', NULL, NULL, 'ขอใช้ห้องเพื่อถ่ายทำวิดีโอ', 'ต้องการใช้ห้องนี้เพื่อการเรียนรู้ต่าง ๆ ขอบคุณคะ', NULL, NULL, 'รออนุมัติ'),
(282, '2025-04-30 20:40:30', '414', NULL, 'CS653129', '2025-05-05', '19:00:00', '21:00:00', 'นอกเวลา', NULL, NULL, 'ขอใช้ห้องเพื่อกิจกรรมชมรม', 'เตรียมซ้อมกิจกรรมรับน้อง', NULL, NULL, 'รออนุมัติ'),
(283, '2025-04-28 22:23:14', '414', '65312994', NULL, '2025-05-05', '12:00:00', '14:00:00', 'ในเวลา', NULL, NULL, 'ขอใช้ห้องเพื่อทำงาน', 'ประชุมกับเพื่อน ๆ ค่ะ', NULL, NULL, 'รอดำเนินการ'),
(284, '2025-05-05 15:22:02', '414', NULL, 'CS653129', '2025-05-05', '17:00:00', '18:00:00', 'นอกเวลา', NULL, 'CSB25645', 'ขอใช้ห้องเพื่อทำวิจัย', 'เตรียมซ้อมกิจกรรมรับน้อง', NULL, NULL, 'อนุมัติ'),
(285, '2025-04-30 08:49:39', '414', '65312994', NULL, '2025-05-05', '20:00:00', '22:00:00', 'นอกเวลา', NULL, 'CSB25645', 'ขอใช้ห้องเพื่อกิจกรรมชมรม', NULL, 'มีคำขออื่นถูกอนุมัติแล้ว', NULL, 'ไม่อนุมัติ'),
(286, '2025-05-02 07:13:48', '414', NULL, 'CS653129', '2025-05-07', '17:00:00', '19:00:00', 'นอกเวลา', NULL, NULL, 'ขอใช้ห้องเพื่อทำวิจัย', 'ประชุมกับเพื่อน ๆ ค่ะ', NULL, NULL, 'รออนุมัติ'),
(287, '2025-05-05 21:56:02', '414', '65312997', NULL, '2025-05-09', '17:00:00', '18:00:00', 'นอกเวลา', NULL, 'CSB25645', 'ขอใช้ห้องเพื่อถ่ายทำวิดีโอ', 'ประชุมกับเพื่อน ๆ ค่ะ', 'ห้องมีการบำรุงรักษาหรือติดตั้งอุปกรณ์ใหม่', NULL, 'ไม่อนุมัติ'),
(288, '2025-05-09 22:07:34', '414', NULL, 'CS653129', '2025-05-12', '17:00:00', '19:00:00', 'นอกเวลา', NULL, 'CSB25645', 'ขอใช้ห้องเพื่อติวหนังสือ', NULL, NULL, NULL, 'อนุมัติ'),
(289, '2025-05-07 08:14:34', '414', '64312995', NULL, '2025-05-13', '10:00:00', '11:00:00', 'ในเวลา', NULL, NULL, 'ขอใช้ห้องเพื่อทำวิจัย', 'เตรียมซ้อมกิจกรรมรับน้อง', NULL, NULL, 'รอดำเนินการ'),
(290, '2025-05-13 21:07:44', '414', NULL, 'CS663129', '2025-05-13', '09:00:00', '10:00:00', 'ในเวลา', NULL, NULL, 'ขอใช้ห้องเพื่อทำวิจัย', 'เพื่อเตรียมตัวสำหรับการสอบและประชุมกลุ่มในงาน CSIT Contest', NULL, NULL, 'รออนุมัติ'),
(291, '2025-05-11 07:04:56', '414', '65312997', NULL, '2025-05-13', '19:00:00', '21:00:00', 'นอกเวลา', NULL, 'CSB25645', 'ขอใช้ห้องเพื่อเรียนออนไลน์', NULL, NULL, NULL, 'อนุมัติ'),
(292, '2025-05-12 12:40:08', '414', NULL, 'CS653129', '2025-05-13', '11:00:00', '12:00:00', 'ในเวลา', NULL, NULL, 'ขอใช้ห้องเพื่อทำงาน', 'เพื่อจัดกิจกรรมเสริมสร้างความรู้และทักษะในวิชา', NULL, NULL, 'รออนุมัติ'),
(293, '2025-05-12 17:24:16', '414', '64312995', NULL, '2025-05-13', '18:00:00', '19:00:00', 'นอกเวลา', NULL, NULL, 'ขอใช้ห้องเพื่อถ่ายทำวิดีโอ', NULL, NULL, NULL, 'รออนุมัติ'),
(294, '2025-05-07 13:30:32', '414', '64312995', NULL, '2025-05-13', '10:00:00', '12:00:00', 'ในเวลา', 'ADCS5624', NULL, 'ขอใช้ห้องเพื่อทำวิจัย', 'มีความจำเป็นต้องใช้อุปกรณ์เฉพาะในห้องนี้สำหรับการทำ Lab Network ครับ', 'มีการใช้ห้องผิดประเภท', NULL, 'ไม่อนุมัติ'),
(295, '2025-05-08 13:21:33', '414', NULL, 'CS663129', '2025-05-14', '18:00:00', '20:00:00', 'นอกเวลา', NULL, NULL, 'ขอใช้ห้องเพื่อวัตถุประสงค์อื่น ๆ', NULL, NULL, NULL, 'รอดำเนินการ'),
(296, '2025-05-10 09:02:30', '414', '65312997', NULL, '2025-05-16', '12:00:00', '13:00:00', 'ในเวลา', NULL, NULL, 'ขอใช้ห้องเพื่อติวหนังสือ', 'เพื่อเตรียมตัวสำหรับการสอบและประชุมกลุ่มในงาน CSIT Contest', NULL, NULL, 'ยกเลิกการจอง'),
(297, '2025-05-12 20:20:12', '414', '64312995', NULL, '2025-05-16', '21:00:00', '22:00:00', 'นอกเวลา', NULL, 'CSB25645', 'ขอใช้ห้องเพื่อติวหนังสือ', NULL, 'ห้องมีการบำรุงรักษาหรือติดตั้งอุปกรณ์ใหม่', NULL, 'ไม่อนุมัติ'),
(298, '2025-05-09 22:11:30', '414', '65312997', NULL, '2025-05-16', '12:00:00', '13:00:00', 'ในเวลา', NULL, NULL, 'ขอใช้ห้องเพื่อวัตถุประสงค์อื่น ๆ', NULL, NULL, NULL, 'รอดำเนินการ'),
(299, '2025-05-12 07:57:46', '414', NULL, 'CS653129', '2025-05-16', '19:00:00', '20:00:00', 'นอกเวลา', NULL, NULL, 'ขอใช้ห้องเพื่อเรียนออนไลน์', 'มีความจำเป็นต้องใช้อุปกรณ์เฉพาะในห้องนี้สำหรับการทำ Lab Network ครับ', NULL, NULL, 'รอดำเนินการ'),
(300, '2025-05-09 22:35:11', '414', NULL, 'CS673129', '2025-05-16', '12:00:00', '13:00:00', 'ในเวลา', NULL, NULL, 'ขอใช้ห้องเพื่อวัตถุประสงค์อื่น ๆ', NULL, NULL, NULL, 'รอดำเนินการ'),
(301, '2025-05-12 07:16:05', '414', NULL, 'CS663129', '2025-05-19', '18:00:00', '20:00:00', 'นอกเวลา', NULL, NULL, 'ขอใช้ห้องเพื่อเรียนออนไลน์', 'ประชุมกับเพื่อน ๆ ค่ะ', NULL, NULL, 'รออนุมัติ'),
(302, '2025-05-13 21:21:13', '414', '65312994', NULL, '2025-05-19', '08:00:00', '09:00:00', 'ในเวลา', NULL, NULL, 'ขอใช้ห้องเพื่อจัดกิจกรรมเสริมความรู้', 'เพื่อจัดกิจกรรมเสริมสร้างความรู้และทักษะในวิชา', NULL, NULL, 'รออนุมัติ'),
(303, '2025-05-15 11:17:36', '414', NULL, 'CS653129', '2025-05-19', '20:00:00', '22:00:00', 'นอกเวลา', NULL, NULL, 'ขอใช้ห้องเพื่อกิจกรรมชมรม', NULL, NULL, NULL, 'รออนุมัติ'),
(304, '2025-05-12 20:19:04', '414', '64312995', NULL, '2025-05-19', '13:00:00', '15:00:00', 'ในเวลา', NULL, NULL, 'ขอใช้ห้องเพื่อทำวิจัย', NULL, NULL, NULL, 'รอดำเนินการ'),
(305, '2025-05-12 12:32:56', '414', NULL, 'CS653129', '2025-05-19', '15:00:00', '16:00:00', 'ในเวลา', NULL, NULL, 'ขอใช้ห้องเพื่อทำงาน', NULL, NULL, NULL, 'รอดำเนินการ'),
(306, '2025-05-14 20:41:43', '414', '65312997', NULL, '2025-05-19', '21:00:00', '22:00:00', 'นอกเวลา', NULL, NULL, 'ขอใช้ห้องเพื่อติวหนังสือ', NULL, NULL, NULL, 'รออนุมัติ'),
(307, '2025-05-15 11:44:13', '414', NULL, 'CS663129', '2025-05-19', '16:00:00', '17:00:00', 'ในเวลา', NULL, NULL, 'ขอใช้ห้องเพื่อเรียนออนไลน์', 'มีความจำเป็นต้องใช้อุปกรณ์เฉพาะในห้องนี้สำหรับการทำ Lab Network ครับ', NULL, NULL, 'รออนุมัติ'),
(308, '2025-05-13 12:32:56', '414', '65312997', NULL, '2025-05-19', '19:00:00', '21:00:00', 'นอกเวลา', NULL, NULL, 'ขอใช้ห้องเพื่อกิจกรรมชมรม', NULL, NULL, NULL, 'ยกเลิกการจอง'),
(309, '2025-05-16 13:33:43', '414', NULL, 'CS653129', '2025-05-20', '19:00:00', '20:00:00', 'นอกเวลา', NULL, NULL, 'ขอใช้ห้องเพื่อติวหนังสือ', NULL, NULL, NULL, 'รออนุมัติ'),
(310, '2025-05-19 08:25:32', '414', NULL, 'CS653129', '2025-05-22', '18:00:00', '19:00:00', 'นอกเวลา', NULL, 'CSB25645', 'ขอใช้ห้องเพื่อถ่ายทำวิดีโอ', NULL, NULL, NULL, 'อนุมัติ'),
(311, '2025-05-16 14:00:07', '414', '64312995', NULL, '2025-05-23', '19:00:00', '21:00:00', 'นอกเวลา', NULL, 'CSB25645', 'ขอใช้ห้องเพื่อทำวิจัย', NULL, NULL, NULL, 'อนุมัติ'),
(312, '2025-05-17 09:32:47', '414', '64312995', NULL, '2025-05-23', '17:00:00', '18:00:00', 'นอกเวลา', NULL, NULL, 'ขอใช้ห้องเพื่อกิจกรรมชมรม', NULL, NULL, NULL, 'รออนุมัติ'),
(313, '2025-05-16 22:07:52', '414', NULL, 'CS663129', '2025-05-23', '17:00:00', '18:00:00', 'นอกเวลา', NULL, NULL, 'ขอใช้ห้องเพื่อติวหนังสือ', 'เตรียมตัวติวหนังสือให้เพื่อน ๆ', NULL, NULL, 'รออนุมัติ'),
(314, '2025-05-19 06:28:15', '414', NULL, 'CS653129', '2025-05-26', '15:00:00', '17:00:00', 'ในเวลา', 'ADCS5624', NULL, 'ขอใช้ห้องเพื่อถ่ายทำวิดีโอ', NULL, NULL, NULL, 'อนุมัติ'),
(315, '2025-05-23 14:55:21', '414', '65312997', NULL, '2025-05-26', '14:00:00', '15:00:00', 'ในเวลา', NULL, NULL, 'ขอใช้ห้องเพื่อถ่ายทำวิดีโอ', NULL, NULL, NULL, 'รอดำเนินการ'),
(316, '2025-05-21 19:17:39', '414', NULL, 'CS673129', '2025-05-26', '12:00:00', '14:00:00', 'ในเวลา', 'ADCS7823', NULL, 'ขอใช้ห้องเพื่อวัตถุประสงค์อื่น ๆ', NULL, NULL, NULL, 'อนุมัติ'),
(317, '2025-05-23 14:38:01', '414', NULL, 'CS653129', '2025-05-26', '21:00:00', '22:00:00', 'นอกเวลา', NULL, NULL, 'ขอใช้ห้องเพื่อถ่ายทำวิดีโอ', 'เพื่อจัดกิจกรรมเสริมสร้างความรู้และทักษะในวิชา', NULL, NULL, 'ยกเลิกการจอง'),
(318, '2025-05-20 13:56:28', '414', NULL, 'CS653129', '2025-05-26', '17:00:00', '18:00:00', 'นอกเวลา', NULL, NULL, 'ขอใช้ห้องเพื่อทำวิจัย', 'เพื่อจัดกิจกรรมเสริมสร้างความรู้และทักษะในวิชา', NULL, NULL, 'ยกเลิกการจอง'),
(319, '2025-05-26 06:26:14', '414', '64312995', NULL, '2025-05-26', '18:00:00', '19:00:00', 'นอกเวลา', NULL, NULL, 'ขอใช้ห้องเพื่อเรียนออนไลน์', NULL, NULL, NULL, 'รออนุมัติ'),
(320, '2025-05-21 06:15:17', '414', NULL, 'CS663129', '2025-05-27', '21:00:00', '22:00:00', 'นอกเวลา', NULL, NULL, 'ขอใช้ห้องเพื่อเรียนออนไลน์', NULL, NULL, NULL, 'รออนุมัติ'),
(321, '2025-05-20 06:35:31', '414', '65312994', NULL, '2025-05-27', '10:00:00', '12:00:00', 'ในเวลา', NULL, NULL, 'ขอใช้ห้องเพื่อวัตถุประสงค์อื่น ๆ', NULL, NULL, NULL, 'รออนุมัติ'),
(322, '2025-05-21 08:38:16', '414', '65312994', NULL, '2025-05-28', '20:00:00', '21:00:00', 'นอกเวลา', NULL, NULL, 'ขอใช้ห้องเพื่อวัตถุประสงค์อื่น ๆ', 'มีความจำเป็นต้องใช้อุปกรณ์เฉพาะในห้องนี้สำหรับการทำ Lab Network ครับ', NULL, NULL, 'รอดำเนินการ'),
(323, '2025-05-23 20:48:59', '414', NULL, 'CS673129', '2025-05-28', '12:00:00', '13:00:00', 'ในเวลา', NULL, NULL, 'ขอใช้ห้องเพื่อกิจกรรมชมรม', 'เพื่อจัดกิจกรรมเสริมสร้างความรู้และทักษะในวิชา', NULL, NULL, 'รออนุมัติ'),
(324, '2025-05-26 22:00:06', '414', '65312994', NULL, '2025-05-28', '19:00:00', '20:00:00', 'นอกเวลา', NULL, NULL, 'ขอใช้ห้องเพื่อกิจกรรมชมรม', NULL, NULL, NULL, 'ยกเลิกการจอง'),
(325, '2025-05-21 14:28:00', '414', NULL, 'CS673129', '2025-05-28', '17:00:00', '19:00:00', 'นอกเวลา', NULL, NULL, 'ขอใช้ห้องเพื่อวัตถุประสงค์อื่น ๆ', 'เพื่อเตรียมตัวสำหรับการสอบและประชุมกลุ่มในงาน CSIT Contest', NULL, NULL, 'รอดำเนินการ'),
(326, '2025-05-21 08:43:17', '414', '65312997', NULL, '2025-05-28', '12:00:00', '13:00:00', 'ในเวลา', NULL, NULL, 'ขอใช้ห้องเพื่อทำงาน', 'ต้องการใช้ห้องนี้เพื่อการเรียนรู้ต่าง ๆ ขอบคุณคะ', NULL, NULL, 'รอดำเนินการ'),
(327, '2025-05-26 21:23:17', '414', '65312994', NULL, '2025-05-29', '20:00:00', '22:00:00', 'นอกเวลา', NULL, NULL, 'ขอใช้ห้องเพื่อติวหนังสือ', 'ต้องการใช้ห้องนี้เพื่อการเรียนรู้ต่าง ๆ ขอบคุณคะ', NULL, NULL, 'รอดำเนินการ'),
(328, '2025-05-27 13:49:32', '414', '65312994', NULL, '2025-05-29', '20:00:00', '21:00:00', 'นอกเวลา', NULL, NULL, 'ขอใช้ห้องเพื่อเรียนออนไลน์', 'เตรียมตัวติวหนังสือให้เพื่อน ๆ', NULL, NULL, 'รออนุมัติ'),
(329, '2025-05-23 22:37:56', '414', NULL, 'CS673129', '2025-05-29', '21:00:00', '22:00:00', 'นอกเวลา', NULL, NULL, 'ขอใช้ห้องเพื่อเรียนออนไลน์', 'ต้องการใช้ห้องนี้เพื่อการเรียนรู้ต่าง ๆ ขอบคุณคะ', NULL, NULL, 'รออนุมัติ'),
(330, '2025-05-29 22:36:38', '414', NULL, 'CS663129', '2025-05-29', '12:00:00', '13:00:00', 'ในเวลา', NULL, NULL, 'ขอใช้ห้องเพื่อถ่ายทำวิดีโอ', 'มีความจำเป็นต้องใช้อุปกรณ์เฉพาะในห้องนี้สำหรับการทำ Lab Network ครับ', NULL, NULL, 'รออนุมัติ'),
(331, '2025-05-28 09:24:28', '414', '65312994', NULL, '2025-05-29', '19:00:00', '21:00:00', 'นอกเวลา', NULL, NULL, 'ขอใช้ห้องเพื่อเรียนออนไลน์', 'ประชุมกับเพื่อน ๆ ค่ะ', NULL, NULL, 'รอดำเนินการ'),
(332, '2025-05-27 16:50:09', '414', '65312997', NULL, '2025-05-30', '21:00:00', '22:00:00', 'นอกเวลา', NULL, NULL, 'ขอใช้ห้องเพื่อทำงาน', 'มีความจำเป็นต้องใช้อุปกรณ์เฉพาะในห้องนี้สำหรับการทำ Lab Network ครับ', NULL, NULL, 'ยกเลิกการจอง');

-- --------------------------------------------------------

--
-- Table structure for table `room_request_computer`
--

CREATE TABLE `room_request_computer` (
  `room_request_id` int NOT NULL,
  `computer_id` int NOT NULL,
  `room_id` varchar(6) NOT NULL
) ENGINE=InnoDB DEFAULT CHARSET=utf8mb4 COLLATE=utf8mb4_0900_ai_ci;

--
-- Dumping data for table `room_request_computer`
--

INSERT INTO `room_request_computer` (`room_request_id`, `computer_id`, `room_id`) VALUES
(5, 2, '307'),
(5, 3, '307'),
(5, 8, '307'),
(5, 9, '307'),
(5, 19, '307'),
(5, 24, '307'),
(5, 35, '307'),
(5, 40, '307'),
(5, 41, '307'),
(5, 57, '307'),
(5, 59, '307'),
(5, 60, '307'),
(5, 63, '307'),
(5, 68, '307'),
(5, 69, '307'),
(5, 72, '307'),
(7, 7, '307'),
(7, 11, '307'),
(7, 16, '307'),
(7, 18, '307'),
(7, 21, '307'),
(7, 23, '307'),
(7, 24, '307'),
(7, 31, '307'),
(7, 35, '307'),
(7, 38, '307'),
(7, 42, '307'),
(7, 52, '307'),
(7, 62, '307'),
(7, 72, '307'),
(8, 2, '307'),
(8, 3, '307'),
(8, 7, '307'),
(8, 12, '307'),
(8, 13, '307'),
(8, 14, '307'),
(8, 15, '307'),
(8, 19, '307'),
(8, 21, '307'),
(8, 22, '307'),
(8, 23, '307'),
(8, 24, '307'),
(8, 29, '307'),
(8, 32, '307'),
(8, 34, '307'),
(8, 38, '307'),
(8, 39, '307'),
(8, 41, '307'),
(8, 46, '307'),
(8, 47, '307'),
(8, 49, '307'),
(8, 51, '307'),
(8, 52, '307'),
(8, 53, '307'),
(8, 54, '307'),
(8, 55, '307'),
(8, 56, '307'),
(8, 57, '307'),
(8, 59, '307'),
(8, 60, '307'),
(8, 61, '307'),
(8, 62, '307'),
(8, 63, '307'),
(8, 64, '307'),
(8, 65, '307'),
(8, 68, '307'),
(8, 69, '307'),
(12, 2, '307'),
(12, 7, '307'),
(12, 11, '307'),
(12, 13, '307'),
(12, 17, '307'),
(12, 18, '307'),
(12, 28, '307'),
(12, 31, '307'),
(12, 35, '307'),
(12, 38, '307'),
(12, 40, '307'),
(12, 43, '307'),
(12, 45, '307'),
(12, 55, '307'),
(12, 59, '307'),
(12, 62, '307'),
(12, 70, '307'),
(12, 77, '307'),
(20, 31, '307'),
(20, 42, '307'),
(20, 46, '307'),
(20, 57, '307'),
(22, 1, '307'),
(22, 2, '307'),
(22, 3, '307'),
(22, 7, '307'),
(22, 8, '307'),
(22, 9, '307'),
(22, 11, '307'),
(22, 16, '307'),
(22, 18, '307'),
(22, 19, '307'),
(22, 20, '307'),
(22, 21, '307'),
(22, 23, '307'),
(22, 24, '307'),
(22, 27, '307'),
(22, 28, '307'),
(22, 31, '307'),
(22, 32, '307'),
(22, 36, '307'),
(22, 39, '307'),
(22, 41, '307'),
(22, 45, '307'),
(22, 46, '307'),
(22, 47, '307'),
(22, 49, '307'),
(22, 50, '307'),
(22, 53, '307'),
(22, 55, '307'),
(22, 56, '307'),
(22, 59, '307'),
(22, 62, '307'),
(22, 65, '307'),
(22, 66, '307'),
(22, 68, '307'),
(22, 69, '307'),
(22, 70, '307'),
(22, 72, '307'),
(22, 73, '307'),
(22, 75, '307'),
(22, 76, '307'),
(23, 14, '307'),
(23, 17, '307'),
(23, 18, '307'),
(23, 44, '307'),
(23, 47, '307'),
(24, 1, '307'),
(24, 3, '307'),
(24, 7, '307'),
(24, 8, '307'),
(24, 9, '307'),
(24, 11, '307'),
(24, 12, '307'),
(24, 14, '307'),
(24, 16, '307'),
(24, 22, '307'),
(24, 24, '307'),
(24, 29, '307'),
(24, 30, '307'),
(24, 41, '307'),
(24, 46, '307'),
(24, 47, '307'),
(24, 49, '307'),
(24, 50, '307'),
(24, 52, '307'),
(24, 53, '307'),
(24, 57, '307'),
(24, 58, '307'),
(24, 59, '307'),
(24, 62, '307'),
(24, 64, '307'),
(24, 67, '307'),
(24, 69, '307'),
(24, 70, '307'),
(24, 72, '307'),
(24, 75, '307'),
(24, 76, '307'),
(24, 80, '307'),
(25, 1, '307'),
(25, 9, '307'),
(25, 12, '307'),
(25, 13, '307'),
(25, 14, '307'),
(25, 15, '307'),
(25, 16, '307'),
(25, 17, '307'),
(25, 19, '307'),
(25, 20, '307'),
(25, 27, '307'),
(25, 30, '307'),
(25, 35, '307'),
(25, 37, '307'),
(25, 47, '307'),
(25, 49, '307'),
(25, 50, '307'),
(25, 55, '307'),
(25, 56, '307'),
(25, 62, '307'),
(25, 63, '307'),
(25, 66, '307'),
(25, 72, '307'),
(25, 80, '307'),
(26, 8, '307'),
(26, 9, '307'),
(26, 11, '307'),
(26, 13, '307'),
(26, 14, '307'),
(26, 18, '307'),
(26, 19, '307'),
(26, 20, '307'),
(26, 23, '307'),
(26, 28, '307'),
(26, 30, '307'),
(26, 32, '307'),
(26, 34, '307'),
(26, 35, '307'),
(26, 37, '307'),
(26, 42, '307'),
(26, 45, '307'),
(26, 48, '307'),
(26, 51, '307'),
(26, 54, '307'),
(26, 58, '307'),
(26, 59, '307'),
(26, 60, '307'),
(26, 61, '307'),
(26, 63, '307'),
(26, 66, '307'),
(26, 67, '307'),
(26, 69, '307'),
(26, 75, '307'),
(26, 78, '307'),
(27, 1, '307'),
(27, 2, '307'),
(27, 11, '307'),
(27, 13, '307'),
(27, 14, '307'),
(27, 15, '307'),
(27, 16, '307'),
(27, 19, '307'),
(27, 20, '307'),
(27, 22, '307'),
(27, 23, '307'),
(27, 27, '307'),
(27, 28, '307'),
(27, 32, '307'),
(27, 33, '307'),
(27, 37, '307'),
(27, 41, '307'),
(27, 42, '307'),
(27, 43, '307'),
(27, 44, '307'),
(27, 46, '307'),
(27, 47, '307'),
(27, 49, '307'),
(27, 54, '307'),
(27, 59, '307'),
(27, 60, '307'),
(27, 61, '307'),
(27, 63, '307'),
(27, 64, '307'),
(27, 67, '307'),
(27, 68, '307'),
(27, 74, '307'),
(27, 76, '307'),
(33, 1, '307'),
(33, 3, '307'),
(33, 11, '307'),
(33, 12, '307'),
(33, 13, '307'),
(33, 14, '307'),
(33, 18, '307'),
(33, 19, '307'),
(33, 21, '307'),
(33, 24, '307'),
(33, 27, '307'),
(33, 30, '307'),
(33, 38, '307'),
(33, 39, '307'),
(33, 40, '307'),
(33, 43, '307'),
(33, 50, '307'),
(33, 51, '307'),
(33, 52, '307'),
(33, 58, '307'),
(33, 59, '307'),
(33, 61, '307'),
(33, 63, '307'),
(33, 64, '307'),
(33, 66, '307'),
(33, 67, '307'),
(33, 74, '307'),
(33, 76, '307'),
(33, 78, '307'),
(33, 80, '307'),
(36, 69, '307'),
(40, 2, '307'),
(40, 3, '307'),
(40, 7, '307'),
(40, 8, '307'),
(40, 9, '307'),
(40, 12, '307'),
(40, 14, '307'),
(40, 15, '307'),
(40, 18, '307'),
(40, 19, '307'),
(40, 21, '307'),
(40, 22, '307'),
(40, 27, '307'),
(40, 31, '307'),
(40, 32, '307'),
(40, 33, '307'),
(40, 34, '307'),
(40, 35, '307'),
(40, 38, '307'),
(40, 39, '307'),
(40, 42, '307'),
(40, 43, '307'),
(40, 48, '307'),
(40, 50, '307'),
(40, 51, '307'),
(40, 52, '307'),
(40, 53, '307'),
(40, 55, '307'),
(40, 56, '307'),
(40, 57, '307'),
(40, 59, '307'),
(40, 63, '307'),
(40, 66, '307'),
(40, 68, '307'),
(40, 69, '307'),
(40, 73, '307'),
(40, 74, '307'),
(43, 1, '307'),
(43, 9, '307'),
(43, 27, '307'),
(43, 34, '307'),
(43, 40, '307'),
(43, 42, '307'),
(43, 47, '307'),
(43, 60, '307'),
(43, 65, '307'),
(43, 72, '307'),
(43, 77, '307'),
(49, 1, '307'),
(49, 3, '307'),
(49, 8, '307'),
(49, 9, '307'),
(49, 11, '307'),
(49, 13, '307'),
(49, 14, '307'),
(49, 16, '307'),
(49, 23, '307'),
(49, 28, '307'),
(49, 31, '307'),
(49, 33, '307'),
(49, 34, '307'),
(49, 35, '307'),
(49, 36, '307'),
(49, 38, '307'),
(49, 39, '307'),
(49, 41, '307'),
(49, 42, '307'),
(49, 44, '307'),
(49, 47, '307'),
(49, 48, '307'),
(49, 52, '307'),
(49, 53, '307'),
(49, 54, '307'),
(49, 55, '307'),
(49, 58, '307'),
(49, 59, '307'),
(49, 61, '307'),
(49, 63, '307'),
(49, 68, '307'),
(49, 74, '307'),
(49, 77, '307'),
(51, 8, '307'),
(51, 11, '307'),
(51, 12, '307'),
(51, 29, '307'),
(51, 49, '307'),
(51, 68, '307'),
(51, 71, '307'),
(51, 77, '307'),
(55, 1, '307'),
(55, 3, '307'),
(55, 7, '307'),
(55, 8, '307'),
(55, 11, '307'),
(55, 12, '307'),
(55, 13, '307'),
(55, 14, '307'),
(55, 18, '307'),
(55, 20, '307'),
(55, 21, '307'),
(55, 22, '307'),
(55, 23, '307'),
(55, 27, '307'),
(55, 32, '307'),
(55, 35, '307'),
(55, 38, '307'),
(55, 39, '307'),
(55, 40, '307'),
(55, 41, '307'),
(55, 43, '307'),
(55, 53, '307'),
(55, 54, '307'),
(55, 55, '307'),
(55, 59, '307'),
(55, 61, '307'),
(55, 68, '307'),
(55, 69, '307'),
(55, 72, '307'),
(55, 73, '307'),
(55, 75, '307'),
(55, 80, '307'),
(57, 7, '307'),
(57, 9, '307'),
(57, 13, '307'),
(57, 15, '307'),
(57, 16, '307'),
(57, 17, '307'),
(57, 19, '307'),
(57, 23, '307'),
(57, 24, '307'),
(57, 27, '307'),
(57, 29, '307'),
(57, 36, '307'),
(57, 37, '307'),
(57, 38, '307'),
(57, 42, '307'),
(57, 43, '307'),
(57, 45, '307'),
(57, 55, '307'),
(57, 63, '307'),
(57, 66, '307'),
(57, 69, '307'),
(57, 75, '307'),
(57, 76, '307'),
(57, 80, '307'),
(59, 11, '307'),
(59, 19, '307'),
(59, 31, '307'),
(59, 38, '307'),
(59, 39, '307'),
(59, 49, '307'),
(59, 61, '307'),
(59, 65, '307'),
(59, 69, '307'),
(59, 73, '307'),
(59, 76, '307'),
(59, 77, '307'),
(61, 3, '307'),
(61, 29, '307'),
(61, 59, '307'),
(61, 77, '307'),
(65, 13, '307'),
(65, 24, '307'),
(65, 28, '307'),
(65, 52, '307'),
(65, 58, '307'),
(65, 64, '307'),
(66, 2, '307'),
(66, 3, '307'),
(66, 9, '307'),
(66, 11, '307'),
(66, 12, '307'),
(66, 13, '307'),
(66, 30, '307'),
(66, 33, '307'),
(66, 34, '307'),
(66, 35, '307'),
(66, 36, '307'),
(66, 37, '307'),
(66, 40, '307'),
(66, 48, '307'),
(66, 52, '307'),
(66, 56, '307'),
(66, 57, '307'),
(66, 60, '307'),
(66, 61, '307'),
(66, 72, '307'),
(66, 75, '307'),
(66, 78, '307'),
(68, 31, '307'),
(68, 47, '307'),
(68, 50, '307'),
(68, 68, '307'),
(69, 1, '307'),
(69, 3, '307'),
(69, 8, '307'),
(69, 9, '307'),
(69, 12, '307'),
(69, 14, '307'),
(69, 16, '307'),
(69, 18, '307'),
(69, 24, '307'),
(69, 27, '307'),
(69, 31, '307'),
(69, 32, '307'),
(69, 35, '307'),
(69, 39, '307'),
(69, 41, '307'),
(69, 44, '307'),
(69, 46, '307'),
(69, 50, '307'),
(69, 51, '307'),
(69, 52, '307'),
(69, 54, '307'),
(69, 60, '307'),
(69, 61, '307'),
(69, 62, '307'),
(69, 63, '307'),
(69, 64, '307'),
(69, 69, '307'),
(69, 71, '307'),
(69, 72, '307'),
(69, 74, '307'),
(69, 75, '307'),
(69, 76, '307'),
(70, 2, '307'),
(70, 19, '307'),
(70, 21, '307'),
(70, 38, '307'),
(70, 39, '307'),
(70, 40, '307'),
(70, 50, '307'),
(70, 51, '307'),
(70, 56, '307'),
(70, 62, '307'),
(70, 67, '307'),
(70, 77, '307'),
(73, 2, '307'),
(73, 9, '307'),
(73, 11, '307'),
(73, 14, '307'),
(73, 15, '307'),
(73, 16, '307'),
(73, 18, '307'),
(73, 20, '307'),
(73, 21, '307'),
(73, 22, '307'),
(73, 23, '307'),
(73, 28, '307'),
(73, 29, '307'),
(73, 32, '307'),
(73, 35, '307'),
(73, 36, '307'),
(73, 37, '307'),
(73, 38, '307'),
(73, 40, '307'),
(73, 42, '307'),
(73, 44, '307'),
(73, 46, '307'),
(73, 47, '307'),
(73, 48, '307'),
(73, 49, '307'),
(73, 50, '307'),
(73, 51, '307'),
(73, 52, '307'),
(73, 53, '307'),
(73, 55, '307'),
(73, 57, '307'),
(73, 58, '307'),
(73, 60, '307'),
(73, 61, '307'),
(73, 63, '307'),
(73, 65, '307'),
(73, 69, '307'),
(73, 70, '307'),
(73, 73, '307'),
(73, 74, '307'),
(73, 78, '307'),
(75, 8, '307'),
(75, 17, '307'),
(75, 20, '307'),
(75, 22, '307'),
(75, 30, '307'),
(75, 41, '307'),
(75, 42, '307'),
(75, 43, '307'),
(75, 46, '307'),
(75, 49, '307'),
(75, 54, '307'),
(75, 57, '307'),
(75, 64, '307'),
(75, 65, '307'),
(75, 66, '307'),
(75, 68, '307'),
(75, 76, '307'),
(76, 1, '307'),
(76, 7, '307'),
(76, 9, '307'),
(76, 11, '307'),
(76, 12, '307'),
(76, 14, '307'),
(76, 19, '307'),
(76, 20, '307'),
(76, 21, '307'),
(76, 22, '307'),
(76, 24, '307'),
(76, 27, '307'),
(76, 29, '307'),
(76, 31, '307'),
(76, 33, '307'),
(76, 37, '307'),
(76, 38, '307'),
(76, 40, '307'),
(76, 41, '307'),
(76, 45, '307'),
(76, 46, '307'),
(76, 53, '307'),
(76, 57, '307'),
(76, 58, '307'),
(76, 61, '307'),
(76, 62, '307'),
(76, 63, '307'),
(76, 65, '307'),
(76, 66, '307'),
(76, 70, '307'),
(76, 74, '307'),
(76, 78, '307'),
(79, 8, '307'),
(79, 11, '307'),
(79, 14, '307'),
(79, 19, '307'),
(79, 28, '307'),
(79, 34, '307'),
(79, 38, '307'),
(79, 44, '307'),
(79, 51, '307'),
(79, 54, '307'),
(79, 60, '307'),
(79, 68, '307'),
(79, 73, '307'),
(79, 80, '307'),
(81, 7, '307'),
(81, 11, '307'),
(81, 13, '307'),
(81, 17, '307'),
(81, 18, '307'),
(81, 19, '307'),
(81, 30, '307'),
(81, 35, '307'),
(81, 37, '307'),
(81, 38, '307'),
(81, 39, '307'),
(81, 43, '307'),
(81, 44, '307'),
(81, 47, '307'),
(81, 51, '307'),
(81, 56, '307'),
(81, 58, '307'),
(81, 59, '307'),
(81, 61, '307'),
(81, 69, '307'),
(81, 73, '307'),
(81, 77, '307'),
(81, 80, '307'),
(86, 8, '307'),
(86, 15, '307'),
(86, 16, '307'),
(86, 18, '307'),
(86, 21, '307'),
(86, 29, '307'),
(86, 35, '307'),
(86, 38, '307'),
(86, 40, '307'),
(86, 45, '307'),
(86, 47, '307'),
(86, 51, '307'),
(86, 60, '307'),
(86, 65, '307'),
(86, 68, '307'),
(86, 69, '307'),
(86, 70, '307'),
(86, 74, '307'),
(86, 78, '307'),
(87, 1, '307'),
(87, 7, '307'),
(87, 11, '307'),
(87, 12, '307'),
(87, 15, '307'),
(87, 17, '307'),
(87, 23, '307'),
(87, 28, '307'),
(87, 30, '307'),
(87, 36, '307'),
(87, 44, '307'),
(87, 48, '307'),
(87, 51, '307'),
(87, 54, '307'),
(87, 58, '307'),
(87, 59, '307'),
(87, 62, '307'),
(87, 69, '307'),
(87, 78, '307'),
(88, 11, '307'),
(88, 33, '307'),
(88, 44, '307'),
(88, 45, '307'),
(88, 50, '307'),
(88, 51, '307'),
(88, 52, '307'),
(88, 59, '307'),
(88, 66, '307'),
(88, 67, '307'),
(89, 8, '307'),
(89, 11, '307'),
(89, 15, '307'),
(89, 18, '307'),
(89, 27, '307'),
(89, 30, '307'),
(89, 32, '307'),
(89, 39, '307'),
(89, 43, '307'),
(89, 46, '307'),
(89, 48, '307'),
(89, 50, '307'),
(89, 51, '307'),
(89, 57, '307'),
(89, 60, '307'),
(89, 61, '307'),
(89, 63, '307'),
(89, 71, '307'),
(89, 73, '307'),
(89, 74, '307'),
(89, 76, '307'),
(89, 80, '307'),
(95, 21, '307'),
(95, 23, '307'),
(95, 24, '307'),
(95, 27, '307'),
(95, 38, '307'),
(95, 48, '307'),
(95, 53, '307'),
(95, 59, '307'),
(95, 62, '307'),
(95, 72, '307'),
(95, 73, '307'),
(96, 20, '307'),
(96, 45, '307'),
(97, 19, '307'),
(97, 49, '307'),
(100, 18, '307'),
(100, 19, '307'),
(100, 40, '307'),
(100, 74, '307'),
(101, 75, '307'),
(107, 3, '307'),
(107, 8, '307'),
(107, 9, '307'),
(107, 14, '307'),
(107, 16, '307'),
(107, 21, '307'),
(107, 24, '307'),
(107, 28, '307'),
(107, 29, '307'),
(107, 31, '307'),
(107, 32, '307'),
(107, 35, '307'),
(107, 36, '307'),
(107, 44, '307'),
(107, 45, '307'),
(107, 46, '307'),
(107, 51, '307'),
(107, 55, '307'),
(107, 56, '307'),
(107, 58, '307'),
(107, 59, '307'),
(107, 60, '307'),
(107, 61, '307'),
(107, 65, '307'),
(107, 66, '307'),
(107, 72, '307'),
(107, 73, '307'),
(107, 78, '307'),
(114, 3, '307'),
(114, 15, '307'),
(114, 31, '307'),
(114, 34, '307'),
(114, 55, '307'),
(114, 56, '307'),
(114, 65, '307'),
(114, 77, '307'),
(115, 7, '307'),
(115, 77, '307'),
(116, 1, '307'),
(116, 3, '307'),
(116, 7, '307'),
(116, 9, '307'),
(116, 12, '307'),
(116, 15, '307'),
(116, 16, '307'),
(116, 17, '307'),
(116, 20, '307'),
(116, 21, '307'),
(116, 22, '307'),
(116, 30, '307'),
(116, 31, '307'),
(116, 32, '307'),
(116, 34, '307'),
(116, 35, '307'),
(116, 39, '307'),
(116, 40, '307'),
(116, 41, '307'),
(116, 42, '307'),
(116, 44, '307'),
(116, 46, '307'),
(116, 48, '307'),
(116, 50, '307'),
(116, 54, '307'),
(116, 55, '307'),
(116, 57, '307'),
(116, 59, '307'),
(116, 60, '307'),
(116, 62, '307'),
(116, 65, '307'),
(116, 67, '307'),
(116, 68, '307'),
(116, 69, '307'),
(116, 70, '307'),
(116, 71, '307'),
(116, 72, '307'),
(116, 73, '307'),
(116, 75, '307'),
(116, 77, '307'),
(118, 1, '307'),
(118, 2, '307'),
(118, 7, '307'),
(118, 16, '307'),
(118, 21, '307'),
(118, 29, '307'),
(118, 30, '307'),
(118, 37, '307'),
(118, 39, '307'),
(118, 43, '307'),
(118, 48, '307'),
(118, 61, '307'),
(121, 8, '307'),
(121, 12, '307'),
(121, 18, '307'),
(121, 39, '307'),
(121, 45, '307'),
(121, 47, '307'),
(121, 48, '307'),
(121, 56, '307'),
(121, 60, '307'),
(121, 61, '307'),
(125, 7, '307'),
(125, 8, '307'),
(125, 11, '307'),
(125, 18, '307'),
(125, 21, '307'),
(125, 22, '307'),
(125, 31, '307'),
(125, 34, '307'),
(125, 40, '307'),
(125, 41, '307'),
(125, 42, '307'),
(125, 44, '307'),
(125, 45, '307'),
(125, 46, '307'),
(125, 49, '307'),
(125, 56, '307'),
(125, 60, '307'),
(125, 62, '307'),
(125, 64, '307'),
(125, 67, '307'),
(125, 70, '307'),
(125, 71, '307'),
(125, 75, '307'),
(125, 78, '307'),
(127, 7, '307'),
(127, 8, '307'),
(127, 11, '307'),
(127, 13, '307'),
(127, 15, '307'),
(127, 16, '307'),
(127, 17, '307'),
(127, 18, '307'),
(127, 22, '307'),
(127, 23, '307'),
(127, 28, '307'),
(127, 29, '307'),
(127, 33, '307'),
(127, 36, '307'),
(127, 38, '307'),
(127, 40, '307'),
(127, 41, '307'),
(127, 44, '307'),
(127, 45, '307'),
(127, 46, '307'),
(127, 47, '307'),
(127, 48, '307'),
(127, 49, '307'),
(127, 50, '307'),
(127, 52, '307'),
(127, 53, '307'),
(127, 55, '307'),
(127, 57, '307'),
(127, 58, '307'),
(127, 59, '307'),
(127, 60, '307'),
(127, 62, '307'),
(127, 63, '307'),
(127, 68, '307'),
(127, 72, '307'),
(127, 74, '307'),
(127, 75, '307'),
(127, 76, '307'),
(127, 77, '307'),
(127, 78, '307'),
(127, 80, '307'),
(132, 3, '307'),
(132, 7, '307'),
(132, 9, '307'),
(132, 11, '307'),
(132, 12, '307'),
(132, 16, '307'),
(132, 17, '307'),
(132, 18, '307'),
(132, 22, '307'),
(132, 28, '307'),
(132, 29, '307'),
(132, 30, '307'),
(132, 31, '307'),
(132, 32, '307'),
(132, 34, '307'),
(132, 37, '307'),
(132, 39, '307'),
(132, 45, '307'),
(132, 47, '307'),
(132, 49, '307'),
(132, 52, '307'),
(132, 54, '307'),
(132, 55, '307'),
(132, 56, '307'),
(132, 57, '307'),
(132, 59, '307'),
(132, 62, '307'),
(132, 64, '307'),
(132, 66, '307'),
(132, 67, '307'),
(132, 75, '307'),
(132, 78, '307'),
(132, 80, '307'),
(134, 2, '307'),
(134, 3, '307'),
(134, 8, '307'),
(134, 11, '307'),
(134, 12, '307'),
(134, 13, '307'),
(134, 16, '307'),
(134, 21, '307'),
(134, 23, '307'),
(134, 28, '307'),
(134, 30, '307'),
(134, 31, '307'),
(134, 33, '307'),
(134, 34, '307'),
(134, 35, '307'),
(134, 36, '307'),
(134, 37, '307'),
(134, 39, '307'),
(134, 40, '307'),
(134, 44, '307'),
(134, 45, '307'),
(134, 46, '307'),
(134, 48, '307'),
(134, 50, '307'),
(134, 52, '307'),
(134, 57, '307'),
(134, 58, '307'),
(134, 59, '307'),
(134, 61, '307'),
(134, 64, '307'),
(134, 65, '307'),
(134, 66, '307'),
(134, 67, '307'),
(134, 69, '307'),
(134, 71, '307'),
(134, 72, '307'),
(134, 74, '307'),
(134, 75, '307'),
(134, 80, '307'),
(135, 7, '307'),
(135, 31, '307'),
(135, 37, '307'),
(135, 39, '307'),
(135, 48, '307'),
(135, 49, '307'),
(135, 51, '307'),
(136, 1, '307'),
(136, 2, '307'),
(136, 3, '307'),
(136, 9, '307'),
(136, 11, '307'),
(136, 12, '307'),
(136, 14, '307'),
(136, 15, '307'),
(136, 17, '307'),
(136, 19, '307'),
(136, 23, '307'),
(136, 27, '307'),
(136, 28, '307'),
(136, 30, '307'),
(136, 31, '307'),
(136, 33, '307'),
(136, 38, '307'),
(136, 42, '307'),
(136, 44, '307'),
(136, 45, '307'),
(136, 46, '307'),
(136, 47, '307'),
(136, 50, '307'),
(136, 52, '307'),
(136, 54, '307'),
(136, 55, '307'),
(136, 57, '307'),
(136, 60, '307'),
(136, 61, '307'),
(136, 63, '307'),
(136, 64, '307'),
(136, 65, '307'),
(136, 66, '307'),
(136, 67, '307'),
(136, 69, '307'),
(136, 72, '307'),
(136, 74, '307'),
(136, 75, '307'),
(136, 76, '307'),
(138, 2, '307'),
(138, 9, '307'),
(138, 13, '307'),
(138, 14, '307'),
(138, 16, '307'),
(138, 18, '307'),
(138, 20, '307'),
(138, 22, '307'),
(138, 29, '307'),
(138, 32, '307'),
(138, 33, '307'),
(138, 36, '307'),
(138, 48, '307'),
(138, 52, '307'),
(138, 54, '307'),
(138, 55, '307'),
(138, 61, '307'),
(138, 69, '307'),
(138, 73, '307'),
(138, 74, '307'),
(140, 3, '307'),
(140, 13, '307'),
(140, 15, '307'),
(140, 16, '307'),
(140, 17, '307'),
(140, 20, '307'),
(140, 21, '307'),
(140, 24, '307'),
(140, 33, '307'),
(140, 34, '307'),
(140, 39, '307'),
(140, 40, '307'),
(140, 41, '307'),
(140, 42, '307'),
(140, 43, '307'),
(140, 45, '307'),
(140, 46, '307'),
(140, 47, '307'),
(140, 50, '307'),
(140, 51, '307'),
(140, 52, '307'),
(140, 53, '307'),
(140, 57, '307'),
(140, 60, '307'),
(140, 62, '307'),
(140, 65, '307'),
(140, 68, '307'),
(140, 76, '307'),
(140, 77, '307'),
(140, 78, '307'),
(141, 3, '307'),
(141, 9, '307'),
(141, 11, '307'),
(141, 12, '307'),
(141, 16, '307'),
(141, 18, '307'),
(141, 19, '307'),
(141, 20, '307'),
(141, 21, '307'),
(141, 23, '307'),
(141, 24, '307'),
(141, 31, '307'),
(141, 32, '307'),
(141, 35, '307'),
(141, 36, '307'),
(141, 40, '307'),
(141, 41, '307'),
(141, 44, '307'),
(141, 46, '307'),
(141, 47, '307'),
(141, 49, '307'),
(141, 51, '307'),
(141, 56, '307'),
(141, 57, '307'),
(141, 59, '307'),
(141, 61, '307'),
(141, 62, '307'),
(141, 66, '307'),
(141, 69, '307'),
(141, 70, '307'),
(141, 71, '307'),
(141, 72, '307'),
(141, 75, '307'),
(141, 76, '307'),
(141, 77, '307'),
(141, 80, '307'),
(145, 35, '307'),
(146, 1, '307'),
(146, 3, '307'),
(146, 11, '307'),
(146, 12, '307'),
(146, 13, '307'),
(146, 15, '307'),
(146, 18, '307'),
(146, 23, '307'),
(146, 27, '307'),
(146, 34, '307'),
(146, 35, '307'),
(146, 38, '307'),
(146, 39, '307'),
(146, 40, '307'),
(146, 44, '307'),
(146, 46, '307'),
(146, 48, '307'),
(146, 49, '307'),
(146, 51, '307'),
(146, 53, '307'),
(146, 54, '307'),
(146, 55, '307'),
(146, 56, '307'),
(146, 58, '307'),
(146, 60, '307'),
(146, 61, '307'),
(146, 62, '307'),
(146, 65, '307'),
(146, 67, '307'),
(146, 68, '307'),
(146, 70, '307'),
(146, 71, '307'),
(146, 74, '307'),
(146, 75, '307'),
(146, 77, '307'),
(151, 3, '307'),
(151, 7, '307'),
(151, 8, '307'),
(151, 13, '307'),
(151, 15, '307'),
(151, 17, '307'),
(151, 19, '307'),
(151, 20, '307'),
(151, 22, '307'),
(151, 28, '307'),
(151, 31, '307'),
(151, 33, '307'),
(151, 36, '307'),
(151, 39, '307'),
(151, 40, '307'),
(151, 41, '307'),
(151, 42, '307'),
(151, 43, '307'),
(151, 45, '307'),
(151, 49, '307'),
(151, 50, '307'),
(151, 51, '307'),
(151, 53, '307'),
(151, 55, '307'),
(151, 57, '307'),
(151, 58, '307'),
(151, 61, '307'),
(151, 64, '307'),
(151, 65, '307'),
(151, 66, '307'),
(151, 68, '307'),
(151, 70, '307'),
(151, 72, '307'),
(151, 73, '307'),
(151, 75, '307'),
(151, 77, '307'),
(151, 78, '307'),
(151, 80, '307'),
(155, 23, '307'),
(155, 24, '307'),
(155, 51, '307'),
(155, 57, '307'),
(155, 61, '307'),
(155, 72, '307'),
(155, 76, '307'),
(156, 9, '307'),
(156, 15, '307'),
(156, 17, '307'),
(156, 21, '307'),
(156, 22, '307'),
(156, 28, '307'),
(156, 29, '307'),
(156, 30, '307'),
(156, 31, '307'),
(156, 32, '307'),
(156, 40, '307'),
(156, 41, '307'),
(156, 44, '307'),
(156, 47, '307'),
(156, 49, '307'),
(156, 51, '307'),
(156, 52, '307'),
(156, 55, '307'),
(156, 58, '307'),
(156, 62, '307'),
(156, 66, '307'),
(156, 69, '307'),
(156, 74, '307'),
(156, 75, '307'),
(156, 76, '307'),
(157, 2, '307'),
(157, 14, '307'),
(157, 28, '307'),
(157, 52, '307'),
(157, 61, '307'),
(157, 70, '307'),
(158, 1, '307'),
(158, 7, '307'),
(158, 9, '307'),
(158, 11, '307'),
(158, 12, '307'),
(158, 16, '307'),
(158, 17, '307'),
(158, 19, '307'),
(158, 20, '307'),
(158, 22, '307'),
(158, 27, '307'),
(158, 28, '307'),
(158, 30, '307'),
(158, 31, '307'),
(158, 32, '307'),
(158, 34, '307'),
(158, 38, '307'),
(158, 39, '307'),
(158, 43, '307'),
(158, 46, '307'),
(158, 47, '307'),
(158, 48, '307'),
(158, 50, '307'),
(158, 51, '307'),
(158, 52, '307'),
(158, 53, '307'),
(158, 55, '307'),
(158, 61, '307'),
(158, 64, '307'),
(158, 65, '307'),
(158, 67, '307'),
(158, 70, '307'),
(158, 71, '307'),
(158, 74, '307'),
(158, 75, '307'),
(158, 76, '307'),
(160, 1, '307'),
(160, 2, '307'),
(160, 3, '307'),
(160, 8, '307'),
(160, 11, '307'),
(160, 12, '307'),
(160, 13, '307'),
(160, 15, '307'),
(160, 16, '307'),
(160, 17, '307'),
(160, 19, '307'),
(160, 24, '307'),
(160, 30, '307'),
(160, 34, '307'),
(160, 36, '307'),
(160, 37, '307'),
(160, 40, '307'),
(160, 42, '307'),
(160, 44, '307'),
(160, 47, '307'),
(160, 48, '307'),
(160, 50, '307'),
(160, 51, '307'),
(160, 53, '307'),
(160, 54, '307'),
(160, 55, '307'),
(160, 59, '307'),
(160, 62, '307'),
(160, 64, '307'),
(160, 68, '307'),
(160, 69, '307'),
(160, 70, '307'),
(160, 71, '307'),
(160, 73, '307'),
(160, 75, '307'),
(160, 76, '307'),
(160, 77, '307'),
(160, 78, '307'),
(164, 13, '307'),
(164, 15, '307'),
(164, 16, '307'),
(164, 17, '307'),
(164, 27, '307'),
(164, 28, '307'),
(164, 42, '307'),
(164, 45, '307'),
(164, 54, '307'),
(164, 61, '307'),
(164, 69, '307'),
(164, 71, '307'),
(164, 76, '307'),
(165, 3, '307'),
(165, 9, '307'),
(165, 12, '307'),
(165, 15, '307'),
(165, 17, '307'),
(165, 19, '307'),
(165, 23, '307'),
(165, 24, '307'),
(165, 29, '307'),
(165, 30, '307'),
(165, 34, '307'),
(165, 35, '307'),
(165, 37, '307'),
(165, 38, '307'),
(165, 39, '307'),
(165, 41, '307'),
(165, 43, '307'),
(165, 44, '307'),
(165, 45, '307'),
(165, 46, '307'),
(165, 53, '307'),
(165, 54, '307'),
(165, 56, '307'),
(165, 62, '307'),
(165, 64, '307'),
(165, 68, '307'),
(165, 69, '307'),
(165, 71, '307'),
(165, 76, '307'),
(165, 77, '307'),
(166, 2, '414'),
(166, 4, '414'),
(166, 32, '414'),
(166, 33, '414'),
(166, 34, '414'),
(166, 43, '414'),
(166, 57, '414'),
(166, 59, '414'),
(166, 63, '414'),
(166, 69, '414'),
(166, 74, '414'),
(170, 5, '414'),
(170, 7, '414'),
(170, 9, '414'),
(170, 13, '414'),
(170, 16, '414'),
(170, 20, '414'),
(170, 23, '414'),
(170, 24, '414'),
(170, 29, '414'),
(170, 32, '414'),
(170, 36, '414'),
(170, 40, '414'),
(170, 49, '414'),
(170, 63, '414'),
(170, 68, '414'),
(170, 70, '414'),
(170, 71, '414'),
(170, 72, '414'),
(170, 74, '414'),
(170, 76, '414'),
(175, 2, '414'),
(175, 7, '414'),
(175, 9, '414'),
(175, 17, '414'),
(175, 29, '414'),
(175, 50, '414'),
(175, 54, '414'),
(175, 62, '414'),
(175, 64, '414'),
(175, 65, '414'),
(175, 75, '414'),
(175, 80, '414'),
(176, 4, '414'),
(176, 12, '414'),
(176, 13, '414'),
(176, 15, '414'),
(176, 16, '414'),
(176, 18, '414'),
(176, 27, '414'),
(176, 28, '414'),
(176, 32, '414'),
(176, 36, '414'),
(176, 37, '414'),
(176, 39, '414'),
(176, 40, '414'),
(176, 43, '414'),
(176, 45, '414'),
(176, 48, '414'),
(176, 50, '414'),
(176, 52, '414'),
(176, 57, '414'),
(176, 58, '414'),
(176, 59, '414'),
(176, 63, '414'),
(176, 65, '414'),
(176, 67, '414'),
(176, 74, '414'),
(177, 4, '414'),
(177, 13, '414'),
(177, 19, '414'),
(177, 20, '414'),
(177, 41, '414'),
(177, 51, '414'),
(177, 52, '414'),
(177, 53, '414'),
(177, 56, '414'),
(177, 59, '414'),
(177, 64, '414'),
(177, 72, '414'),
(179, 11, '414'),
(179, 16, '414'),
(179, 19, '414'),
(179, 37, '414'),
(179, 43, '414'),
(179, 51, '414'),
(180, 4, '414'),
(180, 5, '414'),
(180, 6, '414'),
(180, 8, '414'),
(180, 9, '414'),
(180, 11, '414'),
(180, 12, '414'),
(180, 15, '414'),
(180, 17, '414'),
(180, 18, '414'),
(180, 20, '414'),
(180, 23, '414'),
(180, 24, '414'),
(180, 27, '414'),
(180, 33, '414'),
(180, 34, '414'),
(180, 38, '414'),
(180, 39, '414'),
(180, 40, '414'),
(180, 41, '414'),
(180, 42, '414'),
(180, 43, '414'),
(180, 44, '414'),
(180, 45, '414'),
(180, 50, '414'),
(180, 51, '414'),
(180, 53, '414'),
(180, 55, '414'),
(180, 56, '414'),
(180, 58, '414'),
(180, 59, '414'),
(180, 62, '414'),
(180, 63, '414'),
(180, 65, '414'),
(180, 66, '414'),
(180, 70, '414'),
(180, 72, '414'),
(180, 74, '414'),
(180, 76, '414'),
(181, 5, '414'),
(181, 8, '414'),
(181, 12, '414'),
(181, 14, '414'),
(181, 18, '414'),
(181, 37, '414'),
(181, 55, '414'),
(181, 58, '414'),
(181, 70, '414'),
(181, 72, '414'),
(181, 74, '414'),
(181, 75, '414'),
(182, 2, '414'),
(182, 11, '414'),
(182, 16, '414'),
(182, 22, '414'),
(182, 44, '414'),
(182, 52, '414'),
(182, 63, '414'),
(182, 68, '414'),
(182, 73, '414'),
(182, 75, '414'),
(183, 1, '414'),
(183, 16, '414'),
(183, 17, '414'),
(183, 27, '414'),
(183, 41, '414'),
(183, 51, '414'),
(183, 57, '414'),
(183, 62, '414'),
(183, 64, '414'),
(183, 70, '414'),
(183, 73, '414'),
(183, 75, '414'),
(183, 76, '414'),
(184, 1, '414'),
(184, 3, '414'),
(184, 5, '414'),
(184, 8, '414'),
(184, 14, '414'),
(184, 18, '414'),
(184, 21, '414'),
(184, 22, '414'),
(184, 23, '414'),
(184, 27, '414'),
(184, 29, '414'),
(184, 30, '414'),
(184, 35, '414'),
(184, 41, '414'),
(184, 43, '414'),
(184, 44, '414'),
(184, 45, '414'),
(184, 46, '414'),
(184, 49, '414'),
(184, 51, '414'),
(184, 52, '414'),
(184, 54, '414'),
(184, 57, '414'),
(184, 58, '414'),
(184, 61, '414'),
(184, 65, '414'),
(184, 67, '414'),
(184, 68, '414'),
(184, 69, '414'),
(184, 71, '414'),
(184, 72, '414'),
(184, 74, '414'),
(184, 76, '414'),
(185, 3, '414'),
(185, 8, '414'),
(185, 17, '414'),
(185, 18, '414'),
(185, 26, '414'),
(185, 28, '414'),
(185, 29, '414'),
(185, 31, '414'),
(185, 34, '414'),
(185, 36, '414'),
(185, 37, '414'),
(185, 42, '414'),
(185, 43, '414'),
(185, 45, '414'),
(185, 46, '414'),
(185, 51, '414'),
(185, 55, '414'),
(185, 64, '414'),
(185, 66, '414'),
(185, 69, '414'),
(185, 74, '414'),
(192, 4, '414'),
(192, 7, '414'),
(192, 8, '414'),
(192, 9, '414'),
(192, 13, '414'),
(192, 14, '414'),
(192, 34, '414'),
(192, 39, '414'),
(192, 54, '414'),
(192, 57, '414'),
(192, 58, '414'),
(192, 62, '414'),
(192, 70, '414'),
(192, 71, '414'),
(192, 73, '414'),
(192, 75, '414'),
(192, 80, '414'),
(194, 32, '414'),
(194, 66, '414'),
(194, 71, '414'),
(194, 72, '414'),
(194, 75, '414'),
(195, 3, '414'),
(195, 4, '414'),
(195, 5, '414'),
(195, 6, '414'),
(195, 7, '414'),
(195, 8, '414'),
(195, 11, '414'),
(195, 13, '414'),
(195, 16, '414'),
(195, 17, '414'),
(195, 20, '414'),
(195, 22, '414'),
(195, 26, '414'),
(195, 28, '414'),
(195, 30, '414'),
(195, 32, '414'),
(195, 33, '414'),
(195, 38, '414'),
(195, 41, '414'),
(195, 42, '414'),
(195, 43, '414'),
(195, 44, '414'),
(195, 45, '414'),
(195, 48, '414'),
(195, 50, '414'),
(195, 52, '414'),
(195, 53, '414'),
(195, 54, '414'),
(195, 55, '414'),
(195, 59, '414'),
(195, 61, '414'),
(195, 62, '414'),
(195, 64, '414'),
(195, 66, '414'),
(195, 67, '414'),
(195, 69, '414'),
(195, 73, '414'),
(195, 74, '414'),
(195, 80, '414'),
(198, 2, '414'),
(198, 6, '414'),
(198, 7, '414'),
(198, 12, '414'),
(198, 13, '414'),
(198, 18, '414'),
(198, 20, '414'),
(198, 24, '414'),
(198, 26, '414'),
(198, 27, '414'),
(198, 28, '414'),
(198, 33, '414'),
(198, 39, '414'),
(198, 43, '414'),
(198, 46, '414'),
(198, 48, '414'),
(198, 52, '414'),
(198, 53, '414'),
(198, 57, '414'),
(198, 58, '414'),
(198, 59, '414'),
(198, 61, '414'),
(198, 62, '414'),
(198, 63, '414'),
(198, 64, '414'),
(198, 66, '414'),
(198, 71, '414'),
(198, 72, '414'),
(198, 76, '414'),
(199, 15, '414'),
(199, 31, '414'),
(199, 36, '414'),
(199, 45, '414'),
(199, 57, '414'),
(199, 67, '414'),
(199, 75, '414'),
(201, 11, '414'),
(201, 38, '414'),
(203, 2, '414'),
(203, 4, '414'),
(203, 7, '414'),
(203, 11, '414'),
(203, 14, '414'),
(203, 22, '414'),
(203, 24, '414'),
(203, 27, '414'),
(203, 35, '414'),
(203, 42, '414'),
(203, 57, '414'),
(203, 59, '414'),
(203, 63, '414'),
(203, 66, '414'),
(203, 69, '414'),
(203, 73, '414'),
(205, 1, '414'),
(205, 3, '414'),
(205, 7, '414'),
(205, 11, '414'),
(205, 12, '414'),
(205, 13, '414'),
(205, 14, '414'),
(205, 19, '414'),
(205, 21, '414'),
(205, 22, '414'),
(205, 24, '414'),
(205, 30, '414'),
(205, 31, '414'),
(205, 37, '414'),
(205, 42, '414'),
(205, 45, '414'),
(205, 49, '414'),
(205, 55, '414'),
(205, 56, '414'),
(205, 57, '414'),
(205, 58, '414'),
(205, 62, '414'),
(205, 70, '414'),
(205, 72, '414'),
(205, 73, '414'),
(209, 1, '414'),
(209, 2, '414'),
(209, 7, '414'),
(209, 11, '414'),
(209, 13, '414'),
(209, 14, '414'),
(209, 16, '414'),
(209, 19, '414'),
(209, 23, '414'),
(209, 24, '414'),
(209, 26, '414'),
(209, 27, '414'),
(209, 28, '414'),
(209, 31, '414'),
(209, 34, '414'),
(209, 35, '414'),
(209, 37, '414'),
(209, 41, '414'),
(209, 49, '414'),
(209, 51, '414'),
(209, 58, '414'),
(209, 61, '414'),
(209, 66, '414'),
(209, 71, '414'),
(209, 73, '414'),
(209, 74, '414'),
(209, 76, '414'),
(210, 3, '414'),
(210, 8, '414'),
(210, 9, '414'),
(210, 19, '414'),
(210, 22, '414'),
(210, 26, '414'),
(210, 32, '414'),
(210, 36, '414'),
(210, 37, '414'),
(210, 38, '414'),
(210, 42, '414'),
(210, 43, '414'),
(210, 50, '414'),
(210, 51, '414'),
(210, 52, '414'),
(210, 57, '414'),
(210, 58, '414'),
(210, 61, '414'),
(210, 67, '414'),
(210, 69, '414'),
(210, 70, '414'),
(210, 71, '414'),
(210, 73, '414'),
(210, 75, '414'),
(210, 76, '414'),
(217, 4, '414'),
(217, 9, '414'),
(217, 21, '414'),
(217, 24, '414'),
(217, 35, '414'),
(217, 39, '414'),
(217, 53, '414'),
(217, 69, '414'),
(217, 70, '414'),
(218, 1, '414'),
(218, 12, '414'),
(218, 30, '414'),
(218, 32, '414'),
(218, 33, '414'),
(218, 39, '414'),
(218, 44, '414'),
(218, 55, '414'),
(218, 56, '414'),
(218, 65, '414'),
(218, 68, '414'),
(218, 69, '414'),
(218, 71, '414'),
(218, 72, '414'),
(218, 74, '414'),
(221, 7, '414'),
(221, 8, '414'),
(221, 9, '414'),
(221, 13, '414'),
(221, 14, '414'),
(221, 15, '414'),
(221, 17, '414'),
(221, 20, '414'),
(221, 23, '414'),
(221, 28, '414'),
(221, 29, '414'),
(221, 34, '414'),
(221, 37, '414'),
(221, 38, '414'),
(221, 42, '414'),
(221, 43, '414'),
(221, 44, '414'),
(221, 53, '414'),
(221, 55, '414'),
(221, 62, '414'),
(221, 65, '414'),
(221, 67, '414'),
(221, 68, '414'),
(221, 71, '414'),
(221, 74, '414'),
(222, 1, '414'),
(222, 2, '414'),
(222, 6, '414'),
(222, 8, '414'),
(222, 9, '414'),
(222, 11, '414'),
(222, 14, '414'),
(222, 17, '414'),
(222, 21, '414'),
(222, 29, '414'),
(222, 30, '414'),
(222, 31, '414'),
(222, 32, '414'),
(222, 33, '414'),
(222, 39, '414'),
(222, 40, '414'),
(222, 48, '414'),
(222, 55, '414'),
(222, 57, '414'),
(222, 59, '414'),
(222, 63, '414'),
(222, 65, '414'),
(222, 66, '414'),
(222, 67, '414'),
(222, 72, '414'),
(222, 74, '414'),
(222, 75, '414'),
(222, 80, '414'),
(224, 8, '414'),
(224, 9, '414'),
(224, 22, '414'),
(224, 24, '414'),
(224, 26, '414'),
(224, 32, '414'),
(224, 34, '414'),
(224, 37, '414'),
(224, 43, '414'),
(224, 46, '414'),
(224, 57, '414'),
(224, 59, '414'),
(224, 63, '414'),
(224, 64, '414'),
(224, 65, '414'),
(224, 71, '414'),
(224, 73, '414'),
(228, 4, '414'),
(228, 9, '414'),
(228, 26, '414'),
(228, 31, '414'),
(228, 33, '414'),
(228, 36, '414'),
(228, 43, '414'),
(228, 44, '414'),
(228, 53, '414'),
(228, 64, '414'),
(228, 66, '414'),
(234, 13, '414'),
(234, 34, '414'),
(234, 40, '414'),
(234, 51, '414'),
(234, 55, '414'),
(234, 58, '414'),
(234, 61, '414'),
(235, 6, '414'),
(235, 7, '414'),
(235, 9, '414'),
(235, 18, '414'),
(235, 24, '414'),
(235, 27, '414'),
(235, 29, '414'),
(235, 30, '414'),
(235, 32, '414'),
(235, 33, '414'),
(235, 39, '414'),
(235, 42, '414'),
(235, 53, '414'),
(235, 58, '414'),
(235, 61, '414'),
(235, 63, '414'),
(235, 80, '414'),
(236, 5, '414'),
(236, 8, '414'),
(236, 22, '414'),
(236, 29, '414'),
(236, 55, '414'),
(236, 66, '414'),
(236, 69, '414'),
(238, 1, '414'),
(238, 4, '414'),
(238, 6, '414'),
(238, 7, '414'),
(238, 11, '414'),
(238, 14, '414'),
(238, 15, '414'),
(238, 18, '414'),
(238, 20, '414'),
(238, 23, '414'),
(238, 24, '414'),
(238, 28, '414'),
(238, 29, '414'),
(238, 30, '414'),
(238, 34, '414'),
(238, 39, '414'),
(238, 43, '414'),
(238, 48, '414'),
(238, 50, '414'),
(238, 56, '414'),
(238, 57, '414'),
(238, 58, '414'),
(238, 59, '414'),
(238, 67, '414'),
(238, 68, '414'),
(238, 80, '414'),
(239, 19, '414'),
(239, 28, '414'),
(239, 30, '414'),
(239, 35, '414'),
(239, 49, '414'),
(239, 53, '414'),
(239, 63, '414'),
(240, 2, '414'),
(240, 3, '414'),
(240, 5, '414'),
(240, 6, '414'),
(240, 8, '414'),
(240, 9, '414'),
(240, 13, '414'),
(240, 17, '414'),
(240, 18, '414'),
(240, 19, '414'),
(240, 20, '414'),
(240, 21, '414'),
(240, 22, '414'),
(240, 23, '414'),
(240, 24, '414'),
(240, 26, '414'),
(240, 28, '414'),
(240, 35, '414'),
(240, 38, '414'),
(240, 39, '414'),
(240, 40, '414'),
(240, 41, '414'),
(240, 42, '414'),
(240, 43, '414'),
(240, 44, '414'),
(240, 45, '414'),
(240, 46, '414'),
(240, 48, '414'),
(240, 57, '414'),
(240, 59, '414'),
(240, 63, '414'),
(240, 69, '414'),
(240, 70, '414'),
(240, 71, '414'),
(240, 72, '414'),
(240, 75, '414'),
(240, 76, '414'),
(241, 4, '414'),
(241, 15, '414'),
(241, 16, '414'),
(241, 17, '414'),
(241, 18, '414'),
(241, 21, '414'),
(241, 24, '414'),
(241, 27, '414'),
(241, 29, '414'),
(241, 31, '414'),
(241, 32, '414'),
(241, 33, '414'),
(241, 35, '414'),
(241, 37, '414'),
(241, 40, '414'),
(241, 45, '414'),
(241, 46, '414'),
(241, 51, '414'),
(241, 54, '414'),
(241, 62, '414'),
(241, 67, '414'),
(241, 69, '414'),
(241, 70, '414'),
(241, 73, '414'),
(241, 80, '414'),
(242, 3, '414'),
(242, 4, '414'),
(242, 8, '414'),
(242, 9, '414'),
(242, 11, '414'),
(242, 12, '414'),
(242, 13, '414'),
(242, 14, '414'),
(242, 16, '414'),
(242, 17, '414'),
(242, 18, '414'),
(242, 20, '414'),
(242, 22, '414'),
(242, 28, '414'),
(242, 29, '414'),
(242, 31, '414'),
(242, 33, '414'),
(242, 34, '414'),
(242, 35, '414'),
(242, 39, '414'),
(242, 40, '414'),
(242, 42, '414'),
(242, 45, '414'),
(242, 46, '414'),
(242, 49, '414'),
(242, 52, '414'),
(242, 54, '414'),
(242, 55, '414'),
(242, 56, '414'),
(242, 57, '414'),
(242, 59, '414'),
(242, 61, '414'),
(242, 65, '414'),
(242, 67, '414'),
(242, 68, '414'),
(242, 69, '414'),
(242, 71, '414'),
(242, 74, '414'),
(242, 75, '414'),
(242, 76, '414'),
(245, 13, '414'),
(245, 15, '414'),
(245, 22, '414'),
(245, 26, '414'),
(245, 28, '414'),
(245, 34, '414'),
(245, 35, '414'),
(245, 36, '414'),
(245, 41, '414'),
(245, 44, '414'),
(245, 45, '414'),
(245, 48, '414'),
(245, 54, '414'),
(245, 56, '414'),
(245, 63, '414'),
(245, 67, '414'),
(245, 72, '414'),
(245, 76, '414'),
(246, 1, '414'),
(246, 3, '414'),
(246, 6, '414'),
(246, 7, '414'),
(246, 9, '414'),
(246, 21, '414'),
(246, 27, '414'),
(246, 28, '414'),
(246, 32, '414'),
(246, 34, '414'),
(246, 36, '414'),
(246, 39, '414'),
(246, 40, '414'),
(246, 42, '414'),
(246, 44, '414'),
(246, 48, '414'),
(246, 53, '414'),
(246, 56, '414'),
(246, 58, '414'),
(246, 62, '414'),
(246, 63, '414'),
(246, 70, '414'),
(246, 80, '414'),
(247, 1, '414'),
(247, 6, '414'),
(247, 7, '414'),
(247, 8, '414'),
(247, 11, '414'),
(247, 12, '414'),
(247, 15, '414'),
(247, 16, '414'),
(247, 18, '414'),
(247, 19, '414'),
(247, 20, '414'),
(247, 21, '414'),
(247, 23, '414'),
(247, 26, '414'),
(247, 30, '414'),
(247, 32, '414'),
(247, 33, '414'),
(247, 34, '414'),
(247, 36, '414'),
(247, 39, '414'),
(247, 40, '414'),
(247, 42, '414'),
(247, 48, '414'),
(247, 56, '414'),
(247, 58, '414'),
(247, 59, '414'),
(247, 61, '414'),
(247, 62, '414'),
(247, 63, '414'),
(247, 65, '414'),
(247, 66, '414'),
(247, 70, '414'),
(247, 73, '414'),
(247, 74, '414'),
(247, 80, '414'),
(248, 4, '414'),
(248, 6, '414'),
(248, 7, '414'),
(248, 9, '414'),
(248, 11, '414'),
(248, 12, '414'),
(248, 18, '414'),
(248, 19, '414'),
(248, 23, '414'),
(248, 28, '414'),
(248, 33, '414'),
(248, 39, '414'),
(248, 41, '414'),
(248, 42, '414'),
(248, 44, '414'),
(248, 54, '414'),
(248, 57, '414'),
(248, 59, '414'),
(248, 65, '414'),
(248, 66, '414'),
(248, 70, '414'),
(248, 71, '414'),
(248, 75, '414'),
(249, 26, '414'),
(249, 33, '414'),
(249, 37, '414'),
(249, 39, '414'),
(249, 41, '414'),
(249, 49, '414'),
(249, 62, '414'),
(249, 76, '414'),
(252, 1, '414'),
(252, 3, '414'),
(252, 4, '414'),
(252, 6, '414'),
(252, 8, '414'),
(252, 16, '414'),
(252, 17, '414'),
(252, 19, '414'),
(252, 20, '414'),
(252, 22, '414'),
(252, 23, '414'),
(252, 27, '414'),
(252, 29, '414'),
(252, 30, '414'),
(252, 31, '414'),
(252, 33, '414'),
(252, 34, '414'),
(252, 36, '414'),
(252, 41, '414'),
(252, 42, '414'),
(252, 44, '414'),
(252, 45, '414'),
(252, 46, '414'),
(252, 48, '414'),
(252, 49, '414'),
(252, 51, '414'),
(252, 58, '414'),
(252, 59, '414'),
(252, 62, '414'),
(252, 66, '414'),
(252, 67, '414'),
(252, 76, '414'),
(255, 1, '414'),
(255, 3, '414'),
(255, 4, '414'),
(255, 12, '414'),
(255, 13, '414'),
(255, 16, '414'),
(255, 17, '414'),
(255, 18, '414'),
(255, 30, '414'),
(255, 31, '414'),
(255, 32, '414'),
(255, 36, '414'),
(255, 37, '414'),
(255, 52, '414'),
(255, 53, '414'),
(255, 55, '414'),
(255, 59, '414'),
(255, 68, '414'),
(255, 69, '414'),
(255, 70, '414'),
(255, 74, '414'),
(255, 75, '414'),
(255, 80, '414'),
(258, 3, '414'),
(258, 4, '414'),
(258, 5, '414'),
(258, 7, '414'),
(258, 8, '414'),
(258, 9, '414'),
(258, 11, '414'),
(258, 13, '414'),
(258, 15, '414'),
(258, 16, '414'),
(258, 18, '414'),
(258, 21, '414'),
(258, 26, '414'),
(258, 31, '414'),
(258, 32, '414'),
(258, 36, '414'),
(258, 37, '414'),
(258, 39, '414'),
(258, 41, '414'),
(258, 50, '414'),
(258, 52, '414'),
(258, 53, '414'),
(258, 55, '414'),
(258, 56, '414'),
(258, 59, '414'),
(258, 64, '414'),
(258, 68, '414'),
(258, 71, '414'),
(258, 72, '414'),
(258, 80, '414'),
(259, 3, '414'),
(259, 11, '414'),
(259, 12, '414'),
(259, 13, '414'),
(259, 16, '414'),
(259, 17, '414'),
(259, 18, '414'),
(259, 20, '414'),
(259, 24, '414'),
(259, 28, '414'),
(259, 29, '414'),
(259, 34, '414'),
(259, 36, '414'),
(259, 38, '414'),
(259, 41, '414'),
(259, 42, '414'),
(259, 53, '414'),
(259, 54, '414'),
(259, 55, '414'),
(259, 56, '414'),
(259, 58, '414'),
(259, 61, '414'),
(259, 64, '414'),
(259, 67, '414'),
(259, 72, '414'),
(259, 80, '414'),
(265, 11, '414'),
(265, 13, '414'),
(265, 18, '414'),
(265, 20, '414'),
(265, 28, '414'),
(265, 30, '414'),
(265, 32, '414'),
(265, 34, '414'),
(265, 48, '414'),
(265, 49, '414'),
(265, 51, '414'),
(265, 54, '414'),
(265, 59, '414'),
(265, 62, '414'),
(265, 67, '414'),
(265, 71, '414'),
(265, 73, '414'),
(265, 74, '414'),
(265, 75, '414'),
(270, 1, '414'),
(270, 2, '414'),
(270, 7, '414'),
(270, 14, '414'),
(270, 19, '414'),
(270, 21, '414'),
(270, 26, '414'),
(270, 28, '414'),
(270, 35, '414'),
(270, 39, '414'),
(270, 46, '414'),
(270, 50, '414'),
(270, 63, '414'),
(270, 65, '414'),
(270, 68, '414'),
(273, 1, '414'),
(273, 3, '414'),
(273, 4, '414'),
(273, 7, '414'),
(273, 11, '414'),
(273, 28, '414'),
(273, 30, '414'),
(273, 33, '414'),
(273, 35, '414'),
(273, 39, '414'),
(273, 40, '414'),
(273, 45, '414'),
(273, 46, '414'),
(273, 51, '414'),
(273, 53, '414'),
(273, 55, '414'),
(273, 58, '414'),
(273, 62, '414'),
(273, 66, '414'),
(273, 69, '414'),
(273, 70, '414'),
(273, 71, '414'),
(273, 75, '414'),
(275, 3, '414'),
(275, 7, '414'),
(275, 11, '414'),
(275, 14, '414'),
(275, 15, '414'),
(275, 18, '414'),
(275, 19, '414'),
(275, 21, '414'),
(275, 27, '414'),
(275, 28, '414'),
(275, 29, '414'),
(275, 30, '414'),
(275, 31, '414'),
(275, 34, '414'),
(275, 39, '414'),
(275, 40, '414'),
(275, 41, '414'),
(275, 42, '414'),
(275, 43, '414'),
(275, 45, '414'),
(275, 49, '414'),
(275, 51, '414'),
(275, 53, '414'),
(275, 54, '414'),
(275, 56, '414'),
(275, 57, '414'),
(275, 58, '414'),
(275, 59, '414'),
(275, 62, '414'),
(275, 64, '414'),
(275, 65, '414'),
(275, 66, '414'),
(275, 68, '414'),
(275, 70, '414'),
(275, 71, '414'),
(275, 73, '414'),
(275, 80, '414'),
(276, 4, '414'),
(276, 5, '414'),
(276, 7, '414'),
(276, 12, '414'),
(276, 22, '414'),
(276, 37, '414'),
(276, 41, '414'),
(276, 45, '414'),
(276, 51, '414'),
(276, 53, '414'),
(276, 56, '414'),
(276, 64, '414'),
(276, 65, '414'),
(276, 74, '414'),
(277, 2, '414'),
(277, 3, '414'),
(277, 6, '414'),
(277, 8, '414'),
(277, 20, '414'),
(277, 21, '414'),
(277, 26, '414'),
(277, 30, '414'),
(277, 32, '414'),
(277, 41, '414'),
(277, 44, '414'),
(277, 46, '414'),
(277, 52, '414'),
(277, 53, '414'),
(277, 55, '414'),
(277, 61, '414'),
(277, 62, '414'),
(277, 64, '414'),
(277, 65, '414'),
(279, 4, '414'),
(279, 7, '414'),
(279, 16, '414'),
(279, 24, '414'),
(279, 38, '414'),
(279, 54, '414'),
(279, 57, '414'),
(279, 58, '414'),
(279, 61, '414'),
(279, 67, '414'),
(279, 70, '414'),
(279, 75, '414'),
(280, 4, '414'),
(280, 7, '414'),
(280, 21, '414'),
(280, 22, '414'),
(280, 23, '414'),
(280, 30, '414'),
(280, 36, '414'),
(280, 42, '414'),
(280, 46, '414'),
(280, 48, '414'),
(280, 49, '414'),
(280, 52, '414'),
(280, 53, '414'),
(280, 66, '414'),
(280, 67, '414'),
(280, 69, '414'),
(280, 73, '414'),
(280, 76, '414'),
(283, 2, '414'),
(283, 4, '414'),
(283, 7, '414'),
(283, 12, '414'),
(283, 14, '414'),
(283, 16, '414'),
(283, 18, '414'),
(283, 21, '414'),
(283, 29, '414'),
(283, 30, '414'),
(283, 35, '414'),
(283, 37, '414'),
(283, 38, '414'),
(283, 39, '414'),
(283, 41, '414'),
(283, 43, '414'),
(283, 50, '414'),
(283, 53, '414'),
(283, 54, '414'),
(283, 55, '414'),
(283, 56, '414'),
(283, 62, '414'),
(283, 64, '414'),
(283, 65, '414'),
(283, 67, '414'),
(283, 70, '414'),
(283, 71, '414'),
(283, 72, '414'),
(283, 74, '414'),
(283, 80, '414'),
(285, 9, '414'),
(285, 20, '414'),
(285, 30, '414'),
(285, 44, '414'),
(285, 74, '414'),
(287, 1, '414'),
(287, 2, '414'),
(287, 4, '414'),
(287, 11, '414'),
(287, 12, '414'),
(287, 13, '414'),
(287, 15, '414'),
(287, 17, '414'),
(287, 19, '414'),
(287, 21, '414'),
(287, 22, '414'),
(287, 24, '414'),
(287, 26, '414'),
(287, 27, '414'),
(287, 30, '414'),
(287, 31, '414'),
(287, 36, '414'),
(287, 37, '414'),
(287, 40, '414'),
(287, 46, '414'),
(287, 48, '414'),
(287, 50, '414'),
(287, 51, '414'),
(287, 52, '414'),
(287, 54, '414'),
(287, 58, '414'),
(287, 59, '414'),
(287, 61, '414'),
(287, 64, '414'),
(287, 67, '414'),
(287, 68, '414'),
(287, 73, '414'),
(287, 75, '414'),
(287, 76, '414'),
(289, 6, '414'),
(289, 68, '414'),
(289, 76, '414'),
(291, 1, '414'),
(291, 3, '414'),
(291, 9, '414'),
(291, 15, '414'),
(291, 22, '414'),
(291, 28, '414'),
(291, 31, '414'),
(291, 33, '414'),
(291, 49, '414'),
(291, 52, '414'),
(291, 53, '414'),
(291, 59, '414'),
(291, 62, '414'),
(291, 63, '414'),
(291, 65, '414'),
(291, 68, '414'),
(291, 75, '414'),
(294, 22, '414'),
(294, 37, '414'),
(294, 39, '414'),
(294, 49, '414'),
(294, 54, '414'),
(294, 69, '414'),
(294, 73, '414'),
(294, 80, '414'),
(296, 1, '414'),
(296, 4, '414'),
(296, 6, '414'),
(296, 8, '414'),
(296, 11, '414'),
(296, 13, '414'),
(296, 17, '414'),
(296, 36, '414'),
(296, 39, '414'),
(296, 44, '414'),
(296, 61, '414'),
(296, 65, '414'),
(296, 72, '414'),
(296, 73, '414'),
(296, 74, '414'),
(297, 3, '414'),
(297, 5, '414'),
(297, 11, '414'),
(297, 12, '414'),
(297, 13, '414'),
(297, 14, '414'),
(297, 16, '414'),
(297, 17, '414'),
(297, 18, '414'),
(297, 19, '414'),
(297, 20, '414'),
(297, 21, '414'),
(297, 23, '414'),
(297, 28, '414'),
(297, 30, '414'),
(297, 32, '414'),
(297, 33, '414'),
(297, 34, '414'),
(297, 35, '414'),
(297, 36, '414'),
(297, 37, '414'),
(297, 39, '414'),
(297, 41, '414'),
(297, 43, '414'),
(297, 44, '414'),
(297, 46, '414'),
(297, 48, '414'),
(297, 50, '414'),
(297, 51, '414'),
(297, 52, '414'),
(297, 53, '414'),
(297, 54, '414'),
(297, 55, '414'),
(297, 58, '414'),
(297, 63, '414'),
(297, 64, '414'),
(297, 67, '414'),
(297, 70, '414'),
(297, 73, '414'),
(297, 76, '414'),
(297, 80, '414'),
(298, 2, '414'),
(298, 4, '414'),
(298, 5, '414'),
(298, 12, '414'),
(298, 13, '414'),
(298, 16, '414'),
(298, 30, '414'),
(298, 31, '414'),
(298, 34, '414'),
(298, 36, '414'),
(298, 37, '414'),
(298, 38, '414'),
(298, 39, '414'),
(298, 40, '414'),
(298, 42, '414'),
(298, 43, '414'),
(298, 44, '414'),
(298, 46, '414'),
(298, 49, '414'),
(298, 53, '414'),
(298, 54, '414'),
(298, 57, '414'),
(298, 59, '414'),
(298, 61, '414'),
(298, 66, '414'),
(298, 67, '414'),
(298, 68, '414'),
(298, 71, '414'),
(298, 72, '414'),
(298, 73, '414'),
(298, 74, '414'),
(298, 75, '414'),
(298, 76, '414'),
(302, 5, '414'),
(302, 8, '414'),
(302, 9, '414'),
(302, 14, '414'),
(302, 16, '414'),
(302, 18, '414'),
(302, 22, '414'),
(302, 24, '414'),
(302, 28, '414'),
(302, 29, '414'),
(302, 30, '414'),
(302, 31, '414'),
(302, 33, '414'),
(302, 36, '414'),
(302, 37, '414'),
(302, 39, '414'),
(302, 41, '414'),
(302, 42, '414'),
(302, 45, '414'),
(302, 46, '414'),
(302, 50, '414'),
(302, 52, '414'),
(302, 54, '414'),
(302, 56, '414'),
(302, 61, '414'),
(302, 64, '414'),
(302, 67, '414'),
(302, 68, '414'),
(302, 69, '414'),
(302, 70, '414'),
(302, 71, '414'),
(302, 76, '414'),
(302, 80, '414'),
(304, 1, '414'),
(304, 2, '414'),
(304, 4, '414'),
(304, 5, '414'),
(304, 7, '414'),
(304, 8, '414'),
(304, 12, '414'),
(304, 14, '414'),
(304, 17, '414'),
(304, 19, '414'),
(304, 27, '414'),
(304, 30, '414'),
(304, 36, '414'),
(304, 37, '414'),
(304, 38, '414'),
(304, 40, '414'),
(304, 41, '414'),
(304, 43, '414'),
(304, 44, '414'),
(304, 46, '414'),
(304, 48, '414'),
(304, 49, '414'),
(304, 51, '414'),
(304, 54, '414'),
(304, 63, '414'),
(304, 64, '414'),
(304, 65, '414'),
(304, 66, '414'),
(304, 68, '414'),
(304, 70, '414'),
(304, 71, '414'),
(304, 75, '414'),
(306, 1, '414'),
(306, 4, '414'),
(306, 5, '414'),
(306, 6, '414'),
(306, 7, '414'),
(306, 9, '414'),
(306, 18, '414'),
(306, 21, '414'),
(306, 24, '414'),
(306, 28, '414'),
(306, 29, '414'),
(306, 30, '414'),
(306, 35, '414'),
(306, 39, '414'),
(306, 40, '414'),
(306, 42, '414'),
(306, 44, '414'),
(306, 46, '414'),
(306, 53, '414'),
(306, 61, '414'),
(306, 62, '414'),
(306, 64, '414'),
(306, 65, '414'),
(306, 69, '414'),
(308, 6, '414'),
(308, 7, '414'),
(308, 13, '414'),
(308, 19, '414'),
(308, 20, '414'),
(308, 27, '414'),
(308, 28, '414'),
(308, 30, '414'),
(308, 34, '414'),
(308, 38, '414'),
(308, 41, '414'),
(308, 44, '414'),
(308, 45, '414'),
(308, 48, '414'),
(308, 52, '414'),
(308, 59, '414'),
(308, 65, '414'),
(308, 72, '414'),
(311, 8, '414'),
(311, 11, '414'),
(311, 13, '414'),
(311, 14, '414'),
(311, 16, '414'),
(311, 20, '414'),
(311, 22, '414'),
(311, 24, '414'),
(311, 26, '414'),
(311, 30, '414'),
(311, 35, '414'),
(311, 42, '414'),
(311, 49, '414'),
(311, 52, '414'),
(311, 53, '414'),
(311, 56, '414'),
(311, 59, '414'),
(311, 61, '414'),
(311, 66, '414'),
(311, 76, '414'),
(312, 4, '414'),
(312, 7, '414'),
(312, 14, '414'),
(312, 16, '414'),
(312, 20, '414'),
(312, 29, '414'),
(312, 38, '414'),
(312, 46, '414'),
(312, 66, '414'),
(312, 69, '414'),
(315, 1, '414'),
(315, 2, '414'),
(315, 3, '414'),
(315, 5, '414'),
(315, 6, '414'),
(315, 7, '414'),
(315, 11, '414'),
(315, 13, '414'),
(315, 14, '414'),
(315, 18, '414'),
(315, 19, '414'),
(315, 20, '414'),
(315, 22, '414'),
(315, 27, '414'),
(315, 31, '414'),
(315, 32, '414'),
(315, 42, '414'),
(315, 43, '414'),
(315, 44, '414'),
(315, 46, '414'),
(315, 50, '414'),
(315, 55, '414'),
(315, 58, '414'),
(315, 61, '414'),
(315, 62, '414'),
(315, 64, '414'),
(315, 65, '414'),
(315, 67, '414'),
(315, 70, '414'),
(315, 72, '414'),
(315, 74, '414'),
(315, 75, '414'),
(321, 17, '414'),
(322, 16, '414'),
(322, 44, '414'),
(322, 46, '414'),
(322, 62, '414'),
(322, 74, '414'),
(324, 3, '414'),
(324, 7, '414'),
(324, 14, '414'),
(324, 15, '414'),
(324, 18, '414'),
(324, 23, '414'),
(324, 24, '414'),
(324, 27, '414'),
(324, 32, '414'),
(324, 34, '414'),
(324, 40, '414'),
(324, 46, '414'),
(324, 51, '414'),
(324, 56, '414'),
(324, 63, '414'),
(324, 64, '414'),
(324, 74, '414'),
(326, 46, '414'),
(327, 2, '414'),
(327, 16, '414'),
(327, 21, '414'),
(327, 22, '414'),
(327, 29, '414'),
(327, 35, '414'),
(327, 62, '414'),
(331, 11, '414'),
(331, 15, '414'),
(331, 23, '414'),
(331, 26, '414'),
(331, 32, '414'),
(331, 49, '414'),
(331, 70, '414');

-- --------------------------------------------------------

--
-- Table structure for table `room_request_equipment`
--

CREATE TABLE `room_request_equipment` (
  `room_request_id` int NOT NULL,
  `equipment_id` int NOT NULL,
  `request_quantity` int NOT NULL,
  `room_id` varchar(6) NOT NULL
) ENGINE=InnoDB DEFAULT CHARSET=utf8mb4 COLLATE=utf8mb4_0900_ai_ci;

--
-- Dumping data for table `room_request_equipment`
--

INSERT INTO `room_request_equipment` (`room_request_id`, `equipment_id`, `request_quantity`, `room_id`) VALUES
(1, 13, 3, '307'),
(1, 14, 7, '307'),
(5, 14, 4, '307'),
(5, 15, 3, '307'),
(7, 13, 7, '307'),
(7, 15, 2, '307'),
(8, 12, 3, '307'),
(8, 14, 5, '307'),
(8, 15, 5, '307'),
(10, 12, 3, '307'),
(10, 13, 3, '307'),
(10, 15, 5, '307'),
(12, 12, 2, '307'),
(12, 13, 6, '307'),
(12, 14, 4, '307'),
(12, 15, 5, '307'),
(15, 13, 1, '307'),
(15, 14, 4, '307'),
(15, 15, 4, '307'),
(22, 13, 8, '307'),
(23, 13, 9, '307'),
(24, 12, 2, '307'),
(24, 13, 7, '307'),
(24, 15, 2, '307'),
(26, 12, 1, '307'),
(26, 13, 7, '307'),
(26, 15, 2, '307'),
(27, 12, 2, '307'),
(27, 13, 8, '307'),
(27, 15, 4, '307'),
(33, 12, 3, '307'),
(33, 13, 1, '307'),
(33, 14, 2, '307'),
(39, 13, 10, '307'),
(40, 12, 2, '307'),
(40, 14, 5, '307'),
(40, 15, 2, '307'),
(46, 12, 2, '307'),
(46, 13, 9, '307'),
(46, 14, 7, '307'),
(46, 15, 3, '307'),
(48, 12, 2, '307'),
(48, 14, 5, '307'),
(49, 12, 2, '307'),
(49, 13, 4, '307'),
(49, 14, 2, '307'),
(49, 15, 4, '307'),
(57, 12, 2, '307'),
(57, 14, 2, '307'),
(57, 15, 5, '307'),
(59, 12, 2, '307'),
(59, 13, 9, '307'),
(59, 15, 4, '307'),
(65, 14, 6, '307'),
(69, 15, 3, '307'),
(70, 12, 1, '307'),
(70, 13, 5, '307'),
(70, 14, 3, '307'),
(70, 15, 5, '307'),
(73, 14, 5, '307'),
(75, 13, 7, '307'),
(85, 12, 2, '307'),
(85, 13, 7, '307'),
(85, 14, 6, '307'),
(85, 15, 5, '307'),
(86, 12, 1, '307'),
(86, 13, 2, '307'),
(86, 15, 4, '307'),
(87, 12, 3, '307'),
(87, 13, 7, '307'),
(87, 14, 1, '307'),
(87, 15, 4, '307'),
(89, 12, 1, '307'),
(89, 13, 3, '307'),
(89, 14, 5, '307'),
(89, 15, 2, '307'),
(94, 13, 3, '307'),
(94, 15, 4, '307'),
(95, 12, 3, '307'),
(95, 13, 9, '307'),
(95, 14, 2, '307'),
(95, 15, 5, '307'),
(96, 13, 10, '307'),
(96, 15, 5, '307'),
(97, 12, 3, '307'),
(97, 13, 9, '307'),
(97, 14, 2, '307'),
(100, 12, 1, '307'),
(100, 13, 1, '307'),
(100, 15, 2, '307'),
(101, 12, 2, '307'),
(101, 13, 3, '307'),
(101, 15, 4, '307'),
(106, 12, 3, '307'),
(106, 13, 5, '307'),
(106, 14, 2, '307'),
(106, 15, 3, '307'),
(107, 12, 3, '307'),
(107, 13, 4, '307'),
(107, 14, 3, '307'),
(107, 15, 2, '307'),
(114, 15, 5, '307'),
(115, 12, 1, '307'),
(115, 14, 4, '307'),
(116, 13, 3, '307'),
(118, 14, 6, '307'),
(122, 12, 2, '307'),
(122, 13, 7, '307'),
(125, 12, 1, '307'),
(125, 14, 5, '307'),
(127, 13, 1, '307'),
(127, 14, 4, '307'),
(127, 15, 1, '307'),
(129, 12, 1, '307'),
(131, 12, 3, '307'),
(131, 14, 3, '307'),
(132, 12, 3, '307'),
(132, 13, 4, '307'),
(132, 14, 3, '307'),
(132, 15, 2, '307'),
(134, 12, 2, '307'),
(134, 13, 3, '307'),
(136, 12, 3, '307'),
(136, 13, 3, '307'),
(136, 14, 3, '307'),
(136, 15, 2, '307'),
(140, 13, 1, '307'),
(140, 15, 2, '307'),
(141, 13, 7, '307'),
(141, 14, 4, '307'),
(141, 15, 1, '307'),
(145, 12, 3, '307'),
(145, 13, 2, '307'),
(145, 14, 1, '307'),
(146, 12, 2, '307'),
(146, 13, 3, '307'),
(146, 15, 1, '307'),
(147, 15, 5, '307'),
(151, 12, 3, '307'),
(151, 13, 5, '307'),
(151, 15, 5, '307'),
(155, 12, 1, '307'),
(156, 12, 1, '307'),
(156, 14, 4, '307'),
(157, 13, 2, '307'),
(157, 14, 5, '307'),
(158, 12, 1, '307'),
(158, 15, 5, '307'),
(160, 12, 2, '307'),
(160, 14, 5, '307'),
(160, 15, 4, '307'),
(164, 13, 8, '307'),
(165, 12, 1, '307'),
(165, 14, 3, '307'),
(166, 12, 1, '414'),
(166, 13, 1, '414'),
(166, 15, 7, '414'),
(170, 12, 3, '414'),
(170, 14, 2, '414'),
(172, 13, 1, '414'),
(172, 15, 5, '414'),
(176, 12, 4, '414'),
(176, 13, 1, '414'),
(176, 14, 11, '414'),
(176, 15, 4, '414'),
(177, 14, 20, '414'),
(179, 14, 13, '414'),
(179, 15, 7, '414'),
(180, 12, 1, '414'),
(180, 13, 4, '414'),
(180, 14, 16, '414'),
(180, 15, 5, '414'),
(181, 12, 2, '414'),
(181, 13, 4, '414'),
(181, 14, 1, '414'),
(181, 15, 3, '414'),
(182, 14, 14, '414'),
(184, 14, 13, '414'),
(185, 12, 5, '414'),
(185, 13, 4, '414'),
(185, 14, 16, '414'),
(185, 15, 1, '414'),
(194, 12, 5, '414'),
(194, 15, 5, '414'),
(195, 13, 3, '414'),
(199, 12, 5, '414'),
(199, 14, 2, '414'),
(199, 15, 7, '414'),
(200, 15, 2, '414'),
(201, 12, 4, '414'),
(201, 13, 3, '414'),
(201, 14, 12, '414'),
(201, 15, 7, '414'),
(203, 12, 5, '414'),
(203, 13, 2, '414'),
(203, 14, 16, '414'),
(203, 15, 3, '414'),
(207, 12, 1, '414'),
(210, 14, 3, '414'),
(210, 15, 2, '414'),
(212, 12, 1, '414'),
(212, 13, 3, '414'),
(212, 15, 1, '414'),
(217, 12, 3, '414'),
(217, 15, 5, '414'),
(218, 12, 2, '414'),
(218, 13, 2, '414'),
(218, 14, 1, '414'),
(218, 15, 2, '414'),
(221, 13, 2, '414'),
(221, 15, 1, '414'),
(222, 12, 2, '414'),
(222, 13, 3, '414'),
(222, 14, 12, '414'),
(222, 15, 2, '414'),
(228, 12, 3, '414'),
(234, 12, 3, '414'),
(234, 13, 4, '414'),
(234, 14, 2, '414'),
(234, 15, 6, '414'),
(235, 12, 5, '414'),
(235, 13, 4, '414'),
(235, 14, 1, '414'),
(235, 15, 3, '414'),
(236, 12, 2, '414'),
(236, 13, 1, '414'),
(236, 14, 4, '414'),
(236, 15, 7, '414'),
(238, 15, 3, '414'),
(239, 12, 3, '414'),
(239, 13, 2, '414'),
(239, 15, 5, '414'),
(240, 13, 1, '414'),
(241, 13, 1, '414'),
(241, 14, 11, '414'),
(241, 15, 5, '414'),
(242, 14, 19, '414'),
(242, 15, 2, '414'),
(245, 12, 3, '414'),
(245, 15, 7, '414'),
(246, 12, 3, '414'),
(246, 13, 1, '414'),
(246, 14, 8, '414'),
(246, 15, 6, '414'),
(247, 12, 4, '414'),
(247, 13, 1, '414'),
(247, 14, 7, '414'),
(247, 15, 5, '414'),
(248, 12, 1, '414'),
(248, 13, 2, '414'),
(249, 14, 20, '414'),
(249, 15, 1, '414'),
(252, 14, 9, '414'),
(252, 15, 7, '414'),
(255, 12, 1, '414'),
(255, 13, 1, '414'),
(255, 14, 7, '414'),
(255, 15, 5, '414'),
(258, 12, 4, '414'),
(258, 13, 1, '414'),
(258, 14, 19, '414'),
(258, 15, 3, '414'),
(259, 12, 2, '414'),
(259, 13, 3, '414'),
(259, 14, 13, '414'),
(259, 15, 3, '414'),
(265, 12, 4, '414'),
(267, 13, 2, '414'),
(267, 15, 6, '414'),
(270, 14, 12, '414'),
(270, 15, 7, '414'),
(273, 13, 2, '414'),
(273, 14, 8, '414'),
(273, 15, 5, '414'),
(275, 12, 4, '414'),
(275, 13, 4, '414'),
(275, 14, 17, '414'),
(275, 15, 7, '414'),
(276, 12, 1, '414'),
(276, 13, 3, '414'),
(276, 14, 17, '414'),
(276, 15, 2, '414'),
(277, 12, 3, '414'),
(277, 13, 3, '414'),
(277, 14, 4, '414'),
(277, 15, 1, '414'),
(278, 12, 3, '414'),
(278, 14, 4, '414'),
(278, 15, 6, '414'),
(280, 12, 4, '414'),
(280, 13, 2, '414'),
(280, 14, 19, '414'),
(280, 15, 5, '414'),
(283, 12, 3, '414'),
(283, 13, 2, '414'),
(283, 14, 20, '414'),
(285, 14, 11, '414'),
(285, 15, 6, '414'),
(287, 14, 18, '414'),
(289, 12, 4, '414'),
(289, 13, 1, '414'),
(289, 14, 1, '414'),
(289, 15, 1, '414'),
(291, 14, 2, '414'),
(293, 12, 1, '414'),
(293, 13, 4, '414'),
(293, 14, 18, '414'),
(293, 15, 2, '414'),
(294, 14, 12, '414'),
(294, 15, 2, '414'),
(296, 12, 3, '414'),
(296, 13, 3, '414'),
(296, 14, 10, '414'),
(296, 15, 2, '414'),
(297, 13, 4, '414'),
(297, 14, 6, '414'),
(297, 15, 4, '414'),
(298, 12, 5, '414'),
(298, 13, 1, '414'),
(298, 14, 16, '414'),
(298, 15, 4, '414'),
(302, 12, 5, '414'),
(302, 13, 1, '414'),
(304, 13, 3, '414'),
(306, 12, 1, '414'),
(306, 14, 4, '414'),
(308, 13, 3, '414'),
(308, 14, 16, '414'),
(308, 15, 1, '414'),
(311, 12, 3, '414'),
(311, 13, 2, '414'),
(311, 14, 7, '414'),
(311, 15, 6, '414'),
(312, 12, 2, '414'),
(312, 13, 1, '414'),
(319, 14, 20, '414'),
(319, 15, 5, '414'),
(321, 13, 4, '414'),
(321, 14, 7, '414'),
(322, 12, 1, '414'),
(322, 13, 1, '414'),
(322, 14, 2, '414'),
(322, 15, 4, '414'),
(324, 12, 5, '414'),
(324, 14, 1, '414'),
(324, 15, 7, '414'),
(326, 12, 1, '414'),
(326, 13, 1, '414'),
(326, 15, 4, '414'),
(327, 13, 2, '414'),
(327, 14, 17, '414'),
(328, 14, 3, '414'),
(331, 12, 4, '414'),
(331, 13, 3, '414'),
(331, 14, 20, '414'),
(331, 15, 7, '414'),
(332, 12, 1, '414');

-- --------------------------------------------------------

--
-- Table structure for table `room_request_participant`
--

CREATE TABLE `room_request_participant` (
  `room_request_participant_id` int NOT NULL,
  `room_request_id` int NOT NULL,
  `student_id` varchar(8) DEFAULT NULL,
  `teacher_id` varchar(8) DEFAULT NULL,
  `role` enum('ผู้ขอใช้','ผู้เข้าร่วม') NOT NULL
) ENGINE=InnoDB DEFAULT CHARSET=utf8mb4 COLLATE=utf8mb4_0900_ai_ci;

--
-- Dumping data for table `room_request_participant`
--

INSERT INTO `room_request_participant` (`room_request_participant_id`, `room_request_id`, `student_id`, `teacher_id`, `role`) VALUES
(3687, 1, '65312997', NULL, 'ผู้ขอใช้'),
(3688, 2, NULL, 'CS663129', 'ผู้ขอใช้'),
(3689, 3, NULL, 'CS663129', 'ผู้ขอใช้'),
(3690, 4, NULL, 'CS673129', 'ผู้ขอใช้'),
(3691, 5, '65312994', NULL, 'ผู้ขอใช้'),
(3692, 5, '66313010', NULL, 'ผู้เข้าร่วม'),
(3693, 5, '65313009', NULL, 'ผู้เข้าร่วม'),
(3694, 5, '64313012', NULL, 'ผู้เข้าร่วม'),
(3695, 6, NULL, 'CS663129', 'ผู้ขอใช้'),
(3696, 7, '65312997', NULL, 'ผู้ขอใช้'),
(3697, 8, '64312995', NULL, 'ผู้ขอใช้'),
(3698, 9, NULL, 'CS663129', 'ผู้ขอใช้'),
(3699, 10, '64312995', NULL, 'ผู้ขอใช้'),
(3700, 10, '67313011', NULL, 'ผู้เข้าร่วม'),
(3701, 10, '66312996', NULL, 'ผู้เข้าร่วม'),
(3702, 10, '66312993', NULL, 'ผู้เข้าร่วม'),
(3703, 10, '64313012', NULL, 'ผู้เข้าร่วม'),
(3704, 10, '66312996', NULL, 'ผู้เข้าร่วม'),
(3705, 11, NULL, 'CS653129', 'ผู้ขอใช้'),
(3706, 12, '65312994', NULL, 'ผู้ขอใช้'),
(3707, 13, NULL, 'CS653129', 'ผู้ขอใช้'),
(3708, 14, NULL, 'CS653129', 'ผู้ขอใช้'),
(3709, 15, '65312994', NULL, 'ผู้ขอใช้'),
(3710, 16, NULL, 'CS663129', 'ผู้ขอใช้'),
(3711, 17, NULL, 'CS653129', 'ผู้ขอใช้'),
(3712, 18, NULL, 'CS673129', 'ผู้ขอใช้'),
(3713, 19, NULL, 'CS663129', 'ผู้ขอใช้'),
(3714, 20, '64312995', NULL, 'ผู้ขอใช้'),
(3715, 20, '65313003', NULL, 'ผู้เข้าร่วม'),
(3716, 20, '67312999', NULL, 'ผู้เข้าร่วม'),
(3717, 20, '64313001', NULL, 'ผู้เข้าร่วม'),
(3718, 20, '64313005', NULL, 'ผู้เข้าร่วม'),
(3719, 20, '66312993', NULL, 'ผู้เข้าร่วม'),
(3720, 20, '64312998', NULL, 'ผู้เข้าร่วม'),
(3721, 20, '65313009', NULL, 'ผู้เข้าร่วม'),
(3722, 21, NULL, 'CS663129', 'ผู้ขอใช้'),
(3723, 22, '65312994', NULL, 'ผู้ขอใช้'),
(3724, 22, '66313007', NULL, 'ผู้เข้าร่วม'),
(3725, 22, '65313000', NULL, 'ผู้เข้าร่วม'),
(3726, 22, '64312995', NULL, 'ผู้เข้าร่วม'),
(3727, 22, '67313002', NULL, 'ผู้เข้าร่วม'),
(3728, 23, '65312997', NULL, 'ผู้ขอใช้'),
(3729, 24, '64312995', NULL, 'ผู้ขอใช้'),
(3730, 25, '64312995', NULL, 'ผู้ขอใช้'),
(3731, 25, '66313010', NULL, 'ผู้เข้าร่วม'),
(3732, 26, '64312995', NULL, 'ผู้ขอใช้'),
(3733, 26, '64313001', NULL, 'ผู้เข้าร่วม'),
(3734, 26, '65313006', NULL, 'ผู้เข้าร่วม'),
(3735, 26, '67313011', NULL, 'ผู้เข้าร่วม'),
(3736, 26, '65313003', NULL, 'ผู้เข้าร่วม'),
(3737, 26, '65313003', NULL, 'ผู้เข้าร่วม'),
(3738, 26, '67313008', NULL, 'ผู้เข้าร่วม'),
(3739, 27, '64312995', NULL, 'ผู้ขอใช้'),
(3740, 27, '65313003', NULL, 'ผู้เข้าร่วม'),
(3741, 27, '65312994', NULL, 'ผู้เข้าร่วม'),
(3742, 27, '64313012', NULL, 'ผู้เข้าร่วม'),
(3743, 27, '64313001', NULL, 'ผู้เข้าร่วม'),
(3744, 28, NULL, 'CS663129', 'ผู้ขอใช้'),
(3745, 29, NULL, 'CS663129', 'ผู้ขอใช้'),
(3746, 30, NULL, 'CS663129', 'ผู้ขอใช้'),
(3747, 31, NULL, 'CS653129', 'ผู้ขอใช้'),
(3748, 32, NULL, 'CS673129', 'ผู้ขอใช้'),
(3749, 33, '65312994', NULL, 'ผู้ขอใช้'),
(3750, 33, '65313003', NULL, 'ผู้เข้าร่วม'),
(3751, 33, '65313003', NULL, 'ผู้เข้าร่วม'),
(3752, 34, NULL, 'CS653129', 'ผู้ขอใช้'),
(3753, 35, NULL, 'CS673129', 'ผู้ขอใช้'),
(3754, 36, '65312997', NULL, 'ผู้ขอใช้'),
(3755, 37, NULL, 'CS663129', 'ผู้ขอใช้'),
(3756, 38, NULL, 'CS673129', 'ผู้ขอใช้'),
(3757, 39, '65312994', NULL, 'ผู้ขอใช้'),
(3758, 40, '65312994', NULL, 'ผู้ขอใช้'),
(3759, 40, '66312993', NULL, 'ผู้เข้าร่วม'),
(3760, 40, '66313004', NULL, 'ผู้เข้าร่วม'),
(3761, 40, '65313009', NULL, 'ผู้เข้าร่วม'),
(3762, 40, '64313005', NULL, 'ผู้เข้าร่วม'),
(3763, 40, '65313003', NULL, 'ผู้เข้าร่วม'),
(3764, 40, '66313004', NULL, 'ผู้เข้าร่วม'),
(3765, 40, '65313009', NULL, 'ผู้เข้าร่วม'),
(3766, 41, NULL, 'CS653129', 'ผู้ขอใช้'),
(3767, 42, NULL, 'CS673129', 'ผู้ขอใช้'),
(3768, 43, '65312994', NULL, 'ผู้ขอใช้'),
(3769, 43, '66313010', NULL, 'ผู้เข้าร่วม'),
(3770, 43, '67313002', NULL, 'ผู้เข้าร่วม'),
(3771, 43, '64313012', NULL, 'ผู้เข้าร่วม'),
(3772, 44, NULL, 'CS653129', 'ผู้ขอใช้'),
(3773, 45, NULL, 'CS653129', 'ผู้ขอใช้'),
(3774, 46, '64312995', NULL, 'ผู้ขอใช้'),
(3775, 47, NULL, 'CS663129', 'ผู้ขอใช้'),
(3776, 48, '65312997', NULL, 'ผู้ขอใช้'),
(3777, 48, '65313003', NULL, 'ผู้เข้าร่วม'),
(3778, 48, '64313012', NULL, 'ผู้เข้าร่วม'),
(3779, 48, '64313005', NULL, 'ผู้เข้าร่วม'),
(3780, 48, '66313004', NULL, 'ผู้เข้าร่วม'),
(3781, 48, '64313001', NULL, 'ผู้เข้าร่วม'),
(3782, 48, '65313000', NULL, 'ผู้เข้าร่วม'),
(3783, 48, '66313010', NULL, 'ผู้เข้าร่วม'),
(3784, 49, '65312997', NULL, 'ผู้ขอใช้'),
(3785, 50, NULL, 'CS673129', 'ผู้ขอใช้'),
(3786, 51, '65312997', NULL, 'ผู้ขอใช้'),
(3787, 51, '66312996', NULL, 'ผู้เข้าร่วม'),
(3788, 51, '65313003', NULL, 'ผู้เข้าร่วม'),
(3789, 51, '64312998', NULL, 'ผู้เข้าร่วม'),
(3790, 51, '64313001', NULL, 'ผู้เข้าร่วม'),
(3791, 51, '65313000', NULL, 'ผู้เข้าร่วม'),
(3792, 51, '66313004', NULL, 'ผู้เข้าร่วม'),
(3793, 52, NULL, 'CS663129', 'ผู้ขอใช้'),
(3794, 53, NULL, 'CS663129', 'ผู้ขอใช้'),
(3795, 54, NULL, 'CS653129', 'ผู้ขอใช้'),
(3796, 55, '64312995', NULL, 'ผู้ขอใช้'),
(3797, 56, NULL, 'CS673129', 'ผู้ขอใช้'),
(3798, 57, '65312997', NULL, 'ผู้ขอใช้'),
(3799, 58, NULL, 'CS653129', 'ผู้ขอใช้'),
(3800, 59, '65312994', NULL, 'ผู้ขอใช้'),
(3801, 60, NULL, 'CS663129', 'ผู้ขอใช้'),
(3802, 61, '64312995', NULL, 'ผู้ขอใช้'),
(3803, 62, NULL, 'CS663129', 'ผู้ขอใช้'),
(3804, 63, NULL, 'CS653129', 'ผู้ขอใช้'),
(3805, 64, NULL, 'CS663129', 'ผู้ขอใช้'),
(3806, 65, '65312997', NULL, 'ผู้ขอใช้'),
(3807, 66, '65312997', NULL, 'ผู้ขอใช้'),
(3808, 66, '64313005', NULL, 'ผู้เข้าร่วม'),
(3809, 66, '66313010', NULL, 'ผู้เข้าร่วม'),
(3810, 66, '66312993', NULL, 'ผู้เข้าร่วม'),
(3811, 66, '64312995', NULL, 'ผู้เข้าร่วม'),
(3812, 66, '65313000', NULL, 'ผู้เข้าร่วม'),
(3813, 66, '66312996', NULL, 'ผู้เข้าร่วม'),
(3814, 67, NULL, 'CS663129', 'ผู้ขอใช้'),
(3815, 68, '65312997', NULL, 'ผู้ขอใช้'),
(3816, 69, '65312997', NULL, 'ผู้ขอใช้'),
(3817, 69, '65313003', NULL, 'ผู้เข้าร่วม'),
(3818, 69, '66312996', NULL, 'ผู้เข้าร่วม'),
(3819, 70, '65312997', NULL, 'ผู้ขอใช้'),
(3820, 71, NULL, 'CS673129', 'ผู้ขอใช้'),
(3821, 72, NULL, 'CS673129', 'ผู้ขอใช้'),
(3822, 73, '64312995', NULL, 'ผู้ขอใช้'),
(3823, 73, '65313006', NULL, 'ผู้เข้าร่วม'),
(3824, 73, '65313003', NULL, 'ผู้เข้าร่วม'),
(3825, 73, '67313008', NULL, 'ผู้เข้าร่วม'),
(3826, 73, '64312998', NULL, 'ผู้เข้าร่วม'),
(3827, 74, NULL, 'CS663129', 'ผู้ขอใช้'),
(3828, 75, '64312995', NULL, 'ผู้ขอใช้'),
(3829, 75, '67312999', NULL, 'ผู้เข้าร่วม'),
(3830, 76, '65312994', NULL, 'ผู้ขอใช้'),
(3831, 76, '64312995', NULL, 'ผู้เข้าร่วม'),
(3832, 76, '64313012', NULL, 'ผู้เข้าร่วม'),
(3833, 76, '67313002', NULL, 'ผู้เข้าร่วม'),
(3834, 76, '66313004', NULL, 'ผู้เข้าร่วม'),
(3835, 76, '65313003', NULL, 'ผู้เข้าร่วม'),
(3836, 76, '64313005', NULL, 'ผู้เข้าร่วม'),
(3837, 76, '66312993', NULL, 'ผู้เข้าร่วม'),
(3838, 77, NULL, 'CS673129', 'ผู้ขอใช้'),
(3839, 78, NULL, 'CS653129', 'ผู้ขอใช้'),
(3840, 79, '64312995', NULL, 'ผู้ขอใช้'),
(3841, 79, '66313007', NULL, 'ผู้เข้าร่วม'),
(3842, 80, NULL, 'CS673129', 'ผู้ขอใช้'),
(3843, 81, '65312994', NULL, 'ผู้ขอใช้'),
(3844, 81, '64313012', NULL, 'ผู้เข้าร่วม'),
(3845, 81, '66312996', NULL, 'ผู้เข้าร่วม'),
(3846, 81, '65313000', NULL, 'ผู้เข้าร่วม'),
(3847, 81, '65313000', NULL, 'ผู้เข้าร่วม'),
(3848, 82, NULL, 'CS673129', 'ผู้ขอใช้'),
(3849, 83, NULL, 'CS663129', 'ผู้ขอใช้'),
(3850, 84, NULL, 'CS663129', 'ผู้ขอใช้'),
(3851, 85, '65312997', NULL, 'ผู้ขอใช้'),
(3852, 85, '66313004', NULL, 'ผู้เข้าร่วม'),
(3853, 85, '65313009', NULL, 'ผู้เข้าร่วม'),
(3854, 85, '65313009', NULL, 'ผู้เข้าร่วม'),
(3855, 85, '67313008', NULL, 'ผู้เข้าร่วม'),
(3856, 86, '64312995', NULL, 'ผู้ขอใช้'),
(3857, 86, '64312998', NULL, 'ผู้เข้าร่วม'),
(3858, 86, '65313009', NULL, 'ผู้เข้าร่วม'),
(3859, 87, '64312995', NULL, 'ผู้ขอใช้'),
(3860, 88, '64312995', NULL, 'ผู้ขอใช้'),
(3861, 89, '64312995', NULL, 'ผู้ขอใช้'),
(3862, 89, '66313007', NULL, 'ผู้เข้าร่วม'),
(3863, 89, '66312996', NULL, 'ผู้เข้าร่วม'),
(3864, 89, '66312996', NULL, 'ผู้เข้าร่วม'),
(3865, 90, NULL, 'CS663129', 'ผู้ขอใช้'),
(3866, 91, NULL, 'CS673129', 'ผู้ขอใช้'),
(3867, 92, NULL, 'CS663129', 'ผู้ขอใช้'),
(3868, 93, NULL, 'CS653129', 'ผู้ขอใช้'),
(3869, 94, '65312994', NULL, 'ผู้ขอใช้'),
(3870, 94, '64313012', NULL, 'ผู้เข้าร่วม'),
(3871, 94, '65313006', NULL, 'ผู้เข้าร่วม'),
(3872, 94, '64312998', NULL, 'ผู้เข้าร่วม'),
(3873, 94, '64313005', NULL, 'ผู้เข้าร่วม'),
(3874, 94, '66313010', NULL, 'ผู้เข้าร่วม'),
(3875, 94, '67313011', NULL, 'ผู้เข้าร่วม'),
(3876, 95, '65312994', NULL, 'ผู้ขอใช้'),
(3877, 95, '64313001', NULL, 'ผู้เข้าร่วม'),
(3878, 96, '65312997', NULL, 'ผู้ขอใช้'),
(3879, 96, '67313008', NULL, 'ผู้เข้าร่วม'),
(3880, 96, '67313002', NULL, 'ผู้เข้าร่วม'),
(3881, 96, '66313007', NULL, 'ผู้เข้าร่วม'),
(3882, 96, '65313006', NULL, 'ผู้เข้าร่วม'),
(3883, 97, '65312997', NULL, 'ผู้ขอใช้'),
(3884, 97, '67312999', NULL, 'ผู้เข้าร่วม'),
(3885, 97, '65313000', NULL, 'ผู้เข้าร่วม'),
(3886, 97, '66312993', NULL, 'ผู้เข้าร่วม'),
(3887, 98, NULL, 'CS663129', 'ผู้ขอใช้'),
(3888, 99, NULL, 'CS673129', 'ผู้ขอใช้'),
(3889, 100, '65312994', NULL, 'ผู้ขอใช้'),
(3890, 101, '65312997', NULL, 'ผู้ขอใช้'),
(3891, 102, NULL, 'CS653129', 'ผู้ขอใช้'),
(3892, 103, NULL, 'CS653129', 'ผู้ขอใช้'),
(3893, 104, NULL, 'CS653129', 'ผู้ขอใช้'),
(3894, 105, NULL, 'CS653129', 'ผู้ขอใช้'),
(3895, 106, '65312994', NULL, 'ผู้ขอใช้'),
(3896, 106, '65312997', NULL, 'ผู้เข้าร่วม'),
(3897, 106, '65313003', NULL, 'ผู้เข้าร่วม'),
(3898, 106, '64313012', NULL, 'ผู้เข้าร่วม'),
(3899, 107, '65312994', NULL, 'ผู้ขอใช้'),
(3900, 108, NULL, 'CS673129', 'ผู้ขอใช้'),
(3901, 109, NULL, 'CS653129', 'ผู้ขอใช้'),
(3902, 110, NULL, 'CS653129', 'ผู้ขอใช้'),
(3903, 111, NULL, 'CS663129', 'ผู้ขอใช้'),
(3904, 112, NULL, 'CS653129', 'ผู้ขอใช้'),
(3905, 113, NULL, 'CS653129', 'ผู้ขอใช้'),
(3906, 114, '65312997', NULL, 'ผู้ขอใช้'),
(3907, 114, '64313001', NULL, 'ผู้เข้าร่วม'),
(3908, 114, '64313012', NULL, 'ผู้เข้าร่วม'),
(3909, 114, '65313003', NULL, 'ผู้เข้าร่วม'),
(3910, 114, '66313010', NULL, 'ผู้เข้าร่วม'),
(3911, 114, '65313000', NULL, 'ผู้เข้าร่วม'),
(3912, 114, '64313012', NULL, 'ผู้เข้าร่วม'),
(3913, 115, '65312994', NULL, 'ผู้ขอใช้'),
(3914, 115, '66313007', NULL, 'ผู้เข้าร่วม'),
(3915, 115, '67313008', NULL, 'ผู้เข้าร่วม'),
(3916, 115, '67312999', NULL, 'ผู้เข้าร่วม'),
(3917, 115, '64313005', NULL, 'ผู้เข้าร่วม'),
(3918, 115, '64313001', NULL, 'ผู้เข้าร่วม'),
(3919, 115, '66312993', NULL, 'ผู้เข้าร่วม'),
(3920, 116, '64312995', NULL, 'ผู้ขอใช้'),
(3921, 116, '67313002', NULL, 'ผู้เข้าร่วม'),
(3922, 116, '66313004', NULL, 'ผู้เข้าร่วม'),
(3923, 116, '64313005', NULL, 'ผู้เข้าร่วม'),
(3924, 116, '66312993', NULL, 'ผู้เข้าร่วม'),
(3925, 116, '65313003', NULL, 'ผู้เข้าร่วม'),
(3926, 117, NULL, 'CS653129', 'ผู้ขอใช้'),
(3927, 118, '65312997', NULL, 'ผู้ขอใช้'),
(3928, 118, '65313006', NULL, 'ผู้เข้าร่วม'),
(3929, 118, '67313008', NULL, 'ผู้เข้าร่วม'),
(3930, 118, '67313002', NULL, 'ผู้เข้าร่วม'),
(3931, 118, '65313009', NULL, 'ผู้เข้าร่วม'),
(3932, 118, '64313001', NULL, 'ผู้เข้าร่วม'),
(3933, 118, '66313004', NULL, 'ผู้เข้าร่วม'),
(3934, 119, NULL, 'CS673129', 'ผู้ขอใช้'),
(3935, 120, NULL, 'CS663129', 'ผู้ขอใช้'),
(3936, 121, '65312997', NULL, 'ผู้ขอใช้'),
(3937, 121, '66313010', NULL, 'ผู้เข้าร่วม'),
(3938, 121, '67312999', NULL, 'ผู้เข้าร่วม'),
(3939, 121, '66313010', NULL, 'ผู้เข้าร่วม'),
(3940, 122, '64312995', NULL, 'ผู้ขอใช้'),
(3941, 123, NULL, 'CS653129', 'ผู้ขอใช้'),
(3942, 124, NULL, 'CS653129', 'ผู้ขอใช้'),
(3943, 125, '65312994', NULL, 'ผู้ขอใช้'),
(3944, 125, '65312997', NULL, 'ผู้เข้าร่วม'),
(3945, 125, '66312996', NULL, 'ผู้เข้าร่วม'),
(3946, 125, '64312995', NULL, 'ผู้เข้าร่วม'),
(3947, 125, '64313005', NULL, 'ผู้เข้าร่วม'),
(3948, 125, '64313005', NULL, 'ผู้เข้าร่วม'),
(3949, 125, '65313006', NULL, 'ผู้เข้าร่วม'),
(3950, 125, '64312995', NULL, 'ผู้เข้าร่วม'),
(3951, 126, NULL, 'CS673129', 'ผู้ขอใช้'),
(3952, 127, '65312997', NULL, 'ผู้ขอใช้'),
(3953, 128, NULL, 'CS673129', 'ผู้ขอใช้'),
(3954, 129, '65312994', NULL, 'ผู้ขอใช้'),
(3955, 129, '65313009', NULL, 'ผู้เข้าร่วม'),
(3956, 129, '65313009', NULL, 'ผู้เข้าร่วม'),
(3957, 129, '66313004', NULL, 'ผู้เข้าร่วม'),
(3958, 129, '65313003', NULL, 'ผู้เข้าร่วม'),
(3959, 129, '64312995', NULL, 'ผู้เข้าร่วม'),
(3960, 129, '64313001', NULL, 'ผู้เข้าร่วม'),
(3961, 130, NULL, 'CS663129', 'ผู้ขอใช้'),
(3962, 131, '64312995', NULL, 'ผู้ขอใช้'),
(3963, 132, '65312994', NULL, 'ผู้ขอใช้'),
(3964, 133, NULL, 'CS653129', 'ผู้ขอใช้'),
(3965, 134, '64312995', NULL, 'ผู้ขอใช้'),
(3966, 134, '65313009', NULL, 'ผู้เข้าร่วม'),
(3967, 134, '66313004', NULL, 'ผู้เข้าร่วม'),
(3968, 134, '64312998', NULL, 'ผู้เข้าร่วม'),
(3969, 134, '67313008', NULL, 'ผู้เข้าร่วม'),
(3970, 134, '64313012', NULL, 'ผู้เข้าร่วม'),
(3971, 135, '65312997', NULL, 'ผู้ขอใช้'),
(3972, 135, '65313000', NULL, 'ผู้เข้าร่วม'),
(3973, 135, '65313006', NULL, 'ผู้เข้าร่วม'),
(3974, 135, '67313002', NULL, 'ผู้เข้าร่วม'),
(3975, 135, '64312995', NULL, 'ผู้เข้าร่วม'),
(3976, 136, '64312995', NULL, 'ผู้ขอใช้'),
(3977, 136, '67313002', NULL, 'ผู้เข้าร่วม'),
(3978, 136, '65312994', NULL, 'ผู้เข้าร่วม'),
(3979, 137, NULL, 'CS663129', 'ผู้ขอใช้'),
(3980, 138, '65312994', NULL, 'ผู้ขอใช้'),
(3981, 138, '67313008', NULL, 'ผู้เข้าร่วม'),
(3982, 138, '64313005', NULL, 'ผู้เข้าร่วม'),
(3983, 138, '66312996', NULL, 'ผู้เข้าร่วม'),
(3984, 138, '65313003', NULL, 'ผู้เข้าร่วม'),
(3985, 139, NULL, 'CS673129', 'ผู้ขอใช้'),
(3986, 140, '65312994', NULL, 'ผู้ขอใช้'),
(3987, 141, '64312995', NULL, 'ผู้ขอใช้'),
(3988, 142, NULL, 'CS673129', 'ผู้ขอใช้'),
(3989, 143, NULL, 'CS653129', 'ผู้ขอใช้'),
(3990, 144, NULL, 'CS663129', 'ผู้ขอใช้'),
(3991, 145, '65312997', NULL, 'ผู้ขอใช้'),
(3992, 146, '65312994', NULL, 'ผู้ขอใช้'),
(3993, 147, '65312997', NULL, 'ผู้ขอใช้'),
(3994, 148, NULL, 'CS653129', 'ผู้ขอใช้'),
(3995, 149, NULL, 'CS673129', 'ผู้ขอใช้'),
(3996, 150, '65312994', NULL, 'ผู้ขอใช้'),
(3997, 150, '66313010', NULL, 'ผู้เข้าร่วม'),
(3998, 150, '65312997', NULL, 'ผู้เข้าร่วม'),
(3999, 150, '66312993', NULL, 'ผู้เข้าร่วม'),
(4000, 150, '67313011', NULL, 'ผู้เข้าร่วม'),
(4001, 150, '65313009', NULL, 'ผู้เข้าร่วม'),
(4002, 151, '65312994', NULL, 'ผู้ขอใช้'),
(4003, 151, '67312999', NULL, 'ผู้เข้าร่วม'),
(4004, 151, '65313000', NULL, 'ผู้เข้าร่วม'),
(4005, 151, '67313002', NULL, 'ผู้เข้าร่วม'),
(4006, 151, '64313005', NULL, 'ผู้เข้าร่วม'),
(4007, 152, NULL, 'CS673129', 'ผู้ขอใช้'),
(4008, 153, '65312997', NULL, 'ผู้ขอใช้'),
(4009, 153, '67313011', NULL, 'ผู้เข้าร่วม'),
(4010, 153, '66313010', NULL, 'ผู้เข้าร่วม'),
(4011, 153, '66313007', NULL, 'ผู้เข้าร่วม'),
(4012, 153, '64313012', NULL, 'ผู้เข้าร่วม'),
(4013, 153, '64313012', NULL, 'ผู้เข้าร่วม'),
(4014, 153, '64313012', NULL, 'ผู้เข้าร่วม'),
(4015, 153, '64313012', NULL, 'ผู้เข้าร่วม'),
(4016, 154, NULL, 'CS653129', 'ผู้ขอใช้'),
(4017, 155, '65312997', NULL, 'ผู้ขอใช้'),
(4018, 156, '65312994', NULL, 'ผู้ขอใช้'),
(4019, 157, '65312994', NULL, 'ผู้ขอใช้'),
(4020, 157, '67313011', NULL, 'ผู้เข้าร่วม'),
(4021, 157, '64312998', NULL, 'ผู้เข้าร่วม'),
(4022, 157, '64313005', NULL, 'ผู้เข้าร่วม'),
(4023, 157, '66312993', NULL, 'ผู้เข้าร่วม'),
(4024, 157, '66313007', NULL, 'ผู้เข้าร่วม'),
(4025, 157, '64312998', NULL, 'ผู้เข้าร่วม'),
(4026, 157, '65313006', NULL, 'ผู้เข้าร่วม'),
(4027, 158, '64312995', NULL, 'ผู้ขอใช้'),
(4028, 159, NULL, 'CS653129', 'ผู้ขอใช้'),
(4029, 160, '65312997', NULL, 'ผู้ขอใช้'),
(4030, 160, '67313002', NULL, 'ผู้เข้าร่วม'),
(4031, 161, NULL, 'CS673129', 'ผู้ขอใช้'),
(4032, 162, NULL, 'CS663129', 'ผู้ขอใช้'),
(4033, 163, NULL, 'CS663129', 'ผู้ขอใช้'),
(4034, 164, '65312994', NULL, 'ผู้ขอใช้'),
(4035, 164, '67313008', NULL, 'ผู้เข้าร่วม'),
(4036, 164, '66313010', NULL, 'ผู้เข้าร่วม'),
(4037, 164, '64313001', NULL, 'ผู้เข้าร่วม'),
(4038, 165, '65312997', NULL, 'ผู้ขอใช้'),
(4039, 166, '65312997', NULL, 'ผู้ขอใช้'),
(4040, 166, '67312999', NULL, 'ผู้เข้าร่วม'),
(4041, 166, '66313004', NULL, 'ผู้เข้าร่วม'),
(4042, 166, '65313003', NULL, 'ผู้เข้าร่วม'),
(4043, 167, NULL, 'CS673129', 'ผู้ขอใช้'),
(4044, 168, NULL, 'CS663129', 'ผู้ขอใช้'),
(4045, 169, NULL, 'CS673129', 'ผู้ขอใช้'),
(4046, 170, '65312994', NULL, 'ผู้ขอใช้'),
(4047, 171, NULL, 'CS653129', 'ผู้ขอใช้'),
(4048, 172, '65312997', NULL, 'ผู้ขอใช้'),
(4049, 173, NULL, 'CS663129', 'ผู้ขอใช้'),
(4050, 174, '64312995', NULL, 'ผู้ขอใช้'),
(4051, 174, '65313006', NULL, 'ผู้เข้าร่วม'),
(4052, 175, '65312994', NULL, 'ผู้ขอใช้'),
(4053, 176, '65312997', NULL, 'ผู้ขอใช้'),
(4054, 176, '65313000', NULL, 'ผู้เข้าร่วม'),
(4055, 176, '66313004', NULL, 'ผู้เข้าร่วม'),
(4056, 177, '64312995', NULL, 'ผู้ขอใช้'),
(4057, 177, '67313002', NULL, 'ผู้เข้าร่วม'),
(4058, 177, '66313004', NULL, 'ผู้เข้าร่วม'),
(4059, 177, '66313007', NULL, 'ผู้เข้าร่วม'),
(4060, 177, '66312993', NULL, 'ผู้เข้าร่วม'),
(4061, 178, NULL, 'CS663129', 'ผู้ขอใช้'),
(4062, 179, '65312997', NULL, 'ผู้ขอใช้'),
(4063, 179, '65313000', NULL, 'ผู้เข้าร่วม'),
(4064, 179, '65313006', NULL, 'ผู้เข้าร่วม'),
(4065, 180, '65312994', NULL, 'ผู้ขอใช้'),
(4066, 181, '64312995', NULL, 'ผู้ขอใช้'),
(4067, 182, '65312994', NULL, 'ผู้ขอใช้'),
(4068, 183, '65312994', NULL, 'ผู้ขอใช้'),
(4069, 183, '66312993', NULL, 'ผู้เข้าร่วม'),
(4070, 183, '67313002', NULL, 'ผู้เข้าร่วม'),
(4071, 183, '64313005', NULL, 'ผู้เข้าร่วม'),
(4072, 183, '65312997', NULL, 'ผู้เข้าร่วม'),
(4073, 183, '67313011', NULL, 'ผู้เข้าร่วม'),
(4074, 184, '65312997', NULL, 'ผู้ขอใช้'),
(4075, 185, '64312995', NULL, 'ผู้ขอใช้'),
(4076, 185, '65312994', NULL, 'ผู้เข้าร่วม'),
(4077, 185, '64313012', NULL, 'ผู้เข้าร่วม'),
(4078, 185, '66312993', NULL, 'ผู้เข้าร่วม'),
(4079, 185, '66312993', NULL, 'ผู้เข้าร่วม'),
(4080, 185, '67313002', NULL, 'ผู้เข้าร่วม'),
(4081, 185, '65313003', NULL, 'ผู้เข้าร่วม'),
(4082, 185, '67313008', NULL, 'ผู้เข้าร่วม'),
(4083, 186, NULL, 'CS673129', 'ผู้ขอใช้'),
(4084, 187, '65312997', NULL, 'ผู้ขอใช้'),
(4085, 187, '66313010', NULL, 'ผู้เข้าร่วม'),
(4086, 187, '64312998', NULL, 'ผู้เข้าร่วม'),
(4087, 187, '64313001', NULL, 'ผู้เข้าร่วม'),
(4088, 187, '66312996', NULL, 'ผู้เข้าร่วม'),
(4089, 188, NULL, 'CS663129', 'ผู้ขอใช้'),
(4090, 189, NULL, 'CS663129', 'ผู้ขอใช้'),
(4091, 190, NULL, 'CS653129', 'ผู้ขอใช้'),
(4092, 191, NULL, 'CS663129', 'ผู้ขอใช้'),
(4093, 192, '65312994', NULL, 'ผู้ขอใช้'),
(4094, 192, '66312993', NULL, 'ผู้เข้าร่วม'),
(4095, 193, NULL, 'CS653129', 'ผู้ขอใช้'),
(4096, 194, '65312994', NULL, 'ผู้ขอใช้'),
(4097, 194, '64313001', NULL, 'ผู้เข้าร่วม'),
(4098, 195, '64312995', NULL, 'ผู้ขอใช้'),
(4099, 195, '65313006', NULL, 'ผู้เข้าร่วม'),
(4100, 195, '67313011', NULL, 'ผู้เข้าร่วม'),
(4101, 195, '65313006', NULL, 'ผู้เข้าร่วม'),
(4102, 195, '66312996', NULL, 'ผู้เข้าร่วม'),
(4103, 195, '67313008', NULL, 'ผู้เข้าร่วม'),
(4104, 195, '65313006', NULL, 'ผู้เข้าร่วม'),
(4105, 196, NULL, 'CS673129', 'ผู้ขอใช้'),
(4106, 197, NULL, 'CS663129', 'ผู้ขอใช้'),
(4107, 198, '64312995', NULL, 'ผู้ขอใช้'),
(4108, 198, '64313001', NULL, 'ผู้เข้าร่วม'),
(4109, 198, '66312993', NULL, 'ผู้เข้าร่วม'),
(4110, 198, '67313011', NULL, 'ผู้เข้าร่วม'),
(4111, 198, '65312994', NULL, 'ผู้เข้าร่วม'),
(4112, 198, '67312999', NULL, 'ผู้เข้าร่วม'),
(4113, 198, '65313003', NULL, 'ผู้เข้าร่วม'),
(4114, 199, '65312997', NULL, 'ผู้ขอใช้'),
(4115, 199, '66313010', NULL, 'ผู้เข้าร่วม'),
(4116, 200, '64312995', NULL, 'ผู้ขอใช้'),
(4117, 201, '65312997', NULL, 'ผู้ขอใช้'),
(4118, 201, '66313010', NULL, 'ผู้เข้าร่วม'),
(4119, 201, '67313011', NULL, 'ผู้เข้าร่วม'),
(4120, 201, '67313008', NULL, 'ผู้เข้าร่วม'),
(4121, 202, NULL, 'CS653129', 'ผู้ขอใช้'),
(4122, 203, '65312994', NULL, 'ผู้ขอใช้'),
(4123, 203, '66313010', NULL, 'ผู้เข้าร่วม'),
(4124, 203, '67313011', NULL, 'ผู้เข้าร่วม'),
(4125, 203, '66312993', NULL, 'ผู้เข้าร่วม'),
(4126, 203, '67313008', NULL, 'ผู้เข้าร่วม'),
(4127, 203, '65313003', NULL, 'ผู้เข้าร่วม'),
(4128, 203, '64312998', NULL, 'ผู้เข้าร่วม'),
(4129, 204, NULL, 'CS673129', 'ผู้ขอใช้'),
(4130, 205, '65312997', NULL, 'ผู้ขอใช้'),
(4131, 205, '66313007', NULL, 'ผู้เข้าร่วม'),
(4132, 205, '64313012', NULL, 'ผู้เข้าร่วม'),
(4133, 205, '67313002', NULL, 'ผู้เข้าร่วม'),
(4134, 205, '65312994', NULL, 'ผู้เข้าร่วม'),
(4135, 205, '66312996', NULL, 'ผู้เข้าร่วม'),
(4136, 205, '64313005', NULL, 'ผู้เข้าร่วม'),
(4137, 205, '67313002', NULL, 'ผู้เข้าร่วม'),
(4138, 206, NULL, 'CS663129', 'ผู้ขอใช้'),
(4139, 207, '65312994', NULL, 'ผู้ขอใช้'),
(4140, 207, '67313002', NULL, 'ผู้เข้าร่วม'),
(4141, 207, '64313001', NULL, 'ผู้เข้าร่วม'),
(4142, 207, '65312997', NULL, 'ผู้เข้าร่วม'),
(4143, 207, '64313001', NULL, 'ผู้เข้าร่วม'),
(4144, 207, '64312998', NULL, 'ผู้เข้าร่วม'),
(4145, 207, '67313008', NULL, 'ผู้เข้าร่วม'),
(4146, 207, '66313007', NULL, 'ผู้เข้าร่วม'),
(4147, 208, NULL, 'CS653129', 'ผู้ขอใช้'),
(4148, 209, '65312997', NULL, 'ผู้ขอใช้'),
(4149, 209, '65313000', NULL, 'ผู้เข้าร่วม'),
(4150, 209, '64313012', NULL, 'ผู้เข้าร่วม'),
(4151, 209, '64312998', NULL, 'ผู้เข้าร่วม'),
(4152, 209, '67313008', NULL, 'ผู้เข้าร่วม'),
(4153, 209, '66313007', NULL, 'ผู้เข้าร่วม'),
(4154, 209, '64313005', NULL, 'ผู้เข้าร่วม'),
(4155, 210, '65312994', NULL, 'ผู้ขอใช้'),
(4156, 210, '66312996', NULL, 'ผู้เข้าร่วม'),
(4157, 211, NULL, 'CS663129', 'ผู้ขอใช้'),
(4158, 212, '65312994', NULL, 'ผู้ขอใช้'),
(4159, 213, NULL, 'CS663129', 'ผู้ขอใช้'),
(4160, 214, NULL, 'CS673129', 'ผู้ขอใช้'),
(4161, 215, NULL, 'CS673129', 'ผู้ขอใช้'),
(4162, 216, NULL, 'CS673129', 'ผู้ขอใช้'),
(4163, 217, '65312994', NULL, 'ผู้ขอใช้'),
(4164, 217, '65313000', NULL, 'ผู้เข้าร่วม'),
(4165, 218, '65312997', NULL, 'ผู้ขอใช้'),
(4166, 219, NULL, 'CS663129', 'ผู้ขอใช้'),
(4167, 220, NULL, 'CS663129', 'ผู้ขอใช้'),
(4168, 221, '65312994', NULL, 'ผู้ขอใช้'),
(4169, 222, '65312997', NULL, 'ผู้ขอใช้'),
(4170, 222, '65313006', NULL, 'ผู้เข้าร่วม'),
(4171, 222, '64312995', NULL, 'ผู้เข้าร่วม'),
(4172, 222, '67313008', NULL, 'ผู้เข้าร่วม'),
(4173, 222, '65313009', NULL, 'ผู้เข้าร่วม'),
(4174, 222, '64312998', NULL, 'ผู้เข้าร่วม'),
(4175, 222, '66313004', NULL, 'ผู้เข้าร่วม'),
(4176, 223, NULL, 'CS673129', 'ผู้ขอใช้'),
(4177, 224, '64312995', NULL, 'ผู้ขอใช้'),
(4178, 225, NULL, 'CS653129', 'ผู้ขอใช้'),
(4179, 226, NULL, 'CS673129', 'ผู้ขอใช้'),
(4180, 227, NULL, 'CS673129', 'ผู้ขอใช้'),
(4181, 228, '65312997', NULL, 'ผู้ขอใช้'),
(4182, 229, NULL, 'CS653129', 'ผู้ขอใช้'),
(4183, 230, NULL, 'CS663129', 'ผู้ขอใช้'),
(4184, 231, NULL, 'CS673129', 'ผู้ขอใช้'),
(4185, 232, NULL, 'CS653129', 'ผู้ขอใช้'),
(4186, 233, NULL, 'CS673129', 'ผู้ขอใช้'),
(4187, 234, '64312995', NULL, 'ผู้ขอใช้'),
(4188, 235, '65312997', NULL, 'ผู้ขอใช้'),
(4189, 236, '65312994', NULL, 'ผู้ขอใช้'),
(4190, 237, NULL, 'CS653129', 'ผู้ขอใช้'),
(4191, 238, '65312997', NULL, 'ผู้ขอใช้'),
(4192, 239, '65312994', NULL, 'ผู้ขอใช้'),
(4193, 239, '65312997', NULL, 'ผู้เข้าร่วม'),
(4194, 239, '64313005', NULL, 'ผู้เข้าร่วม'),
(4195, 239, '64313012', NULL, 'ผู้เข้าร่วม'),
(4196, 239, '67313008', NULL, 'ผู้เข้าร่วม'),
(4197, 239, '65313009', NULL, 'ผู้เข้าร่วม'),
(4198, 239, '66312993', NULL, 'ผู้เข้าร่วม'),
(4199, 239, '65313009', NULL, 'ผู้เข้าร่วม'),
(4200, 240, '65312994', NULL, 'ผู้ขอใช้'),
(4201, 240, '65312997', NULL, 'ผู้เข้าร่วม'),
(4202, 240, '67313011', NULL, 'ผู้เข้าร่วม'),
(4203, 240, '66313007', NULL, 'ผู้เข้าร่วม'),
(4204, 240, '67313011', NULL, 'ผู้เข้าร่วม'),
(4205, 241, '65312994', NULL, 'ผู้ขอใช้'),
(4206, 242, '65312997', NULL, 'ผู้ขอใช้'),
(4207, 243, NULL, 'CS663129', 'ผู้ขอใช้'),
(4208, 244, NULL, 'CS673129', 'ผู้ขอใช้'),
(4209, 245, '64312995', NULL, 'ผู้ขอใช้'),
(4210, 246, '65312997', NULL, 'ผู้ขอใช้'),
(4211, 247, '64312995', NULL, 'ผู้ขอใช้'),
(4212, 248, '64312995', NULL, 'ผู้ขอใช้'),
(4213, 248, '65313009', NULL, 'ผู้เข้าร่วม'),
(4214, 248, '64312998', NULL, 'ผู้เข้าร่วม'),
(4215, 248, '67312999', NULL, 'ผู้เข้าร่วม'),
(4216, 249, '64312995', NULL, 'ผู้ขอใช้'),
(4217, 249, '65313000', NULL, 'ผู้เข้าร่วม'),
(4218, 249, '65313006', NULL, 'ผู้เข้าร่วม'),
(4219, 249, '64313001', NULL, 'ผู้เข้าร่วม'),
(4220, 249, '66313010', NULL, 'ผู้เข้าร่วม'),
(4221, 250, NULL, 'CS673129', 'ผู้ขอใช้'),
(4222, 251, NULL, 'CS673129', 'ผู้ขอใช้'),
(4223, 252, '64312995', NULL, 'ผู้ขอใช้'),
(4224, 253, NULL, 'CS663129', 'ผู้ขอใช้'),
(4225, 254, NULL, 'CS653129', 'ผู้ขอใช้'),
(4226, 255, '65312994', NULL, 'ผู้ขอใช้'),
(4227, 255, '65312997', NULL, 'ผู้เข้าร่วม'),
(4228, 255, '65313003', NULL, 'ผู้เข้าร่วม'),
(4229, 255, '66313007', NULL, 'ผู้เข้าร่วม'),
(4230, 255, '65312997', NULL, 'ผู้เข้าร่วม'),
(4231, 255, '67313011', NULL, 'ผู้เข้าร่วม'),
(4232, 256, NULL, 'CS663129', 'ผู้ขอใช้'),
(4233, 257, NULL, 'CS663129', 'ผู้ขอใช้'),
(4234, 258, '65312994', NULL, 'ผู้ขอใช้'),
(4235, 258, '65313009', NULL, 'ผู้เข้าร่วม'),
(4236, 258, '65312997', NULL, 'ผู้เข้าร่วม'),
(4237, 258, '65312997', NULL, 'ผู้เข้าร่วม'),
(4238, 258, '64312995', NULL, 'ผู้เข้าร่วม'),
(4239, 259, '65312994', NULL, 'ผู้ขอใช้'),
(4240, 259, '66312993', NULL, 'ผู้เข้าร่วม'),
(4241, 260, NULL, 'CS663129', 'ผู้ขอใช้'),
(4242, 261, NULL, 'CS673129', 'ผู้ขอใช้'),
(4243, 262, NULL, 'CS663129', 'ผู้ขอใช้'),
(4244, 263, NULL, 'CS673129', 'ผู้ขอใช้'),
(4245, 264, NULL, 'CS663129', 'ผู้ขอใช้'),
(4246, 265, '65312994', NULL, 'ผู้ขอใช้'),
(4247, 265, '66312993', NULL, 'ผู้เข้าร่วม'),
(4248, 265, '64313012', NULL, 'ผู้เข้าร่วม'),
(4249, 265, '67313002', NULL, 'ผู้เข้าร่วม'),
(4250, 265, '65313009', NULL, 'ผู้เข้าร่วม'),
(4251, 265, '64313001', NULL, 'ผู้เข้าร่วม'),
(4252, 265, '65313003', NULL, 'ผู้เข้าร่วม'),
(4253, 266, NULL, 'CS653129', 'ผู้ขอใช้'),
(4254, 267, '64312995', NULL, 'ผู้ขอใช้'),
(4255, 268, NULL, 'CS673129', 'ผู้ขอใช้'),
(4256, 269, NULL, 'CS653129', 'ผู้ขอใช้'),
(4257, 270, '65312997', NULL, 'ผู้ขอใช้'),
(4258, 270, '64312998', NULL, 'ผู้เข้าร่วม'),
(4259, 271, NULL, 'CS673129', 'ผู้ขอใช้'),
(4260, 272, NULL, 'CS673129', 'ผู้ขอใช้'),
(4261, 273, '65312994', NULL, 'ผู้ขอใช้'),
(4262, 273, '66313010', NULL, 'ผู้เข้าร่วม'),
(4263, 273, '67313011', NULL, 'ผู้เข้าร่วม'),
(4264, 273, '66313007', NULL, 'ผู้เข้าร่วม'),
(4265, 273, '65313003', NULL, 'ผู้เข้าร่วม'),
(4266, 273, '64313012', NULL, 'ผู้เข้าร่วม'),
(4267, 273, '67312999', NULL, 'ผู้เข้าร่วม'),
(4268, 274, NULL, 'CS663129', 'ผู้ขอใช้'),
(4269, 275, '65312994', NULL, 'ผู้ขอใช้'),
(4270, 276, '65312994', NULL, 'ผู้ขอใช้'),
(4271, 277, '65312994', NULL, 'ผู้ขอใช้'),
(4272, 278, '64312995', NULL, 'ผู้ขอใช้'),
(4273, 278, '65313003', NULL, 'ผู้เข้าร่วม'),
(4274, 278, '67313011', NULL, 'ผู้เข้าร่วม'),
(4275, 278, '65313000', NULL, 'ผู้เข้าร่วม'),
(4276, 278, '66313004', NULL, 'ผู้เข้าร่วม'),
(4277, 278, '65313006', NULL, 'ผู้เข้าร่วม'),
(4278, 278, '65312994', NULL, 'ผู้เข้าร่วม'),
(4279, 278, '66313004', NULL, 'ผู้เข้าร่วม'),
(4280, 279, '64312995', NULL, 'ผู้ขอใช้'),
(4281, 280, '64312995', NULL, 'ผู้ขอใช้'),
(4282, 281, NULL, 'CS673129', 'ผู้ขอใช้'),
(4283, 282, NULL, 'CS653129', 'ผู้ขอใช้'),
(4284, 283, '65312994', NULL, 'ผู้ขอใช้'),
(4285, 284, NULL, 'CS653129', 'ผู้ขอใช้'),
(4286, 285, '65312994', NULL, 'ผู้ขอใช้'),
(4287, 285, '67313008', NULL, 'ผู้เข้าร่วม'),
(4288, 286, NULL, 'CS653129', 'ผู้ขอใช้'),
(4289, 287, '65312997', NULL, 'ผู้ขอใช้'),
(4290, 287, '65313009', NULL, 'ผู้เข้าร่วม'),
(4291, 287, '65313000', NULL, 'ผู้เข้าร่วม'),
(4292, 287, '67313002', NULL, 'ผู้เข้าร่วม'),
(4293, 287, '64313001', NULL, 'ผู้เข้าร่วม'),
(4294, 287, '67312999', NULL, 'ผู้เข้าร่วม'),
(4295, 287, '64313001', NULL, 'ผู้เข้าร่วม'),
(4296, 287, '64312995', NULL, 'ผู้เข้าร่วม'),
(4297, 288, NULL, 'CS653129', 'ผู้ขอใช้'),
(4298, 289, '64312995', NULL, 'ผู้ขอใช้'),
(4299, 290, NULL, 'CS663129', 'ผู้ขอใช้'),
(4300, 291, '65312997', NULL, 'ผู้ขอใช้'),
(4301, 291, '67313011', NULL, 'ผู้เข้าร่วม'),
(4302, 291, '66312993', NULL, 'ผู้เข้าร่วม'),
(4303, 292, NULL, 'CS653129', 'ผู้ขอใช้'),
(4304, 293, '64312995', NULL, 'ผู้ขอใช้'),
(4305, 293, '67313011', NULL, 'ผู้เข้าร่วม'),
(4306, 293, '66313004', NULL, 'ผู้เข้าร่วม'),
(4307, 293, '67313011', NULL, 'ผู้เข้าร่วม'),
(4308, 293, '66313007', NULL, 'ผู้เข้าร่วม'),
(4309, 294, '64312995', NULL, 'ผู้ขอใช้'),
(4310, 295, NULL, 'CS663129', 'ผู้ขอใช้'),
(4311, 296, '65312997', NULL, 'ผู้ขอใช้'),
(4312, 297, '64312995', NULL, 'ผู้ขอใช้'),
(4313, 297, '64312998', NULL, 'ผู้เข้าร่วม'),
(4314, 297, '64312998', NULL, 'ผู้เข้าร่วม'),
(4315, 297, '66313010', NULL, 'ผู้เข้าร่วม'),
(4316, 297, '65313003', NULL, 'ผู้เข้าร่วม'),
(4317, 297, '66312993', NULL, 'ผู้เข้าร่วม'),
(4318, 297, '66313007', NULL, 'ผู้เข้าร่วม'),
(4319, 297, '67313002', NULL, 'ผู้เข้าร่วม'),
(4320, 298, '65312997', NULL, 'ผู้ขอใช้'),
(4321, 299, NULL, 'CS653129', 'ผู้ขอใช้'),
(4322, 300, NULL, 'CS673129', 'ผู้ขอใช้'),
(4323, 301, NULL, 'CS663129', 'ผู้ขอใช้'),
(4324, 302, '65312994', NULL, 'ผู้ขอใช้'),
(4325, 303, NULL, 'CS653129', 'ผู้ขอใช้'),
(4326, 304, '64312995', NULL, 'ผู้ขอใช้'),
(4327, 305, NULL, 'CS653129', 'ผู้ขอใช้'),
(4328, 306, '65312997', NULL, 'ผู้ขอใช้'),
(4329, 306, '67313011', NULL, 'ผู้เข้าร่วม'),
(4330, 306, '65313009', NULL, 'ผู้เข้าร่วม'),
(4331, 306, '67313008', NULL, 'ผู้เข้าร่วม'),
(4332, 307, NULL, 'CS663129', 'ผู้ขอใช้'),
(4333, 308, '65312997', NULL, 'ผู้ขอใช้'),
(4334, 309, NULL, 'CS653129', 'ผู้ขอใช้'),
(4335, 310, NULL, 'CS653129', 'ผู้ขอใช้'),
(4336, 311, '64312995', NULL, 'ผู้ขอใช้'),
(4337, 311, '65313003', NULL, 'ผู้เข้าร่วม'),
(4338, 311, '64313005', NULL, 'ผู้เข้าร่วม'),
(4339, 312, '64312995', NULL, 'ผู้ขอใช้'),
(4340, 312, '67313002', NULL, 'ผู้เข้าร่วม'),
(4341, 312, '66312996', NULL, 'ผู้เข้าร่วม'),
(4342, 312, '65312997', NULL, 'ผู้เข้าร่วม'),
(4343, 312, '65312997', NULL, 'ผู้เข้าร่วม'),
(4344, 312, '67312999', NULL, 'ผู้เข้าร่วม'),
(4345, 313, NULL, 'CS663129', 'ผู้ขอใช้'),
(4346, 314, NULL, 'CS653129', 'ผู้ขอใช้'),
(4347, 315, '65312997', NULL, 'ผู้ขอใช้'),
(4348, 316, NULL, 'CS673129', 'ผู้ขอใช้'),
(4349, 317, NULL, 'CS653129', 'ผู้ขอใช้'),
(4350, 318, NULL, 'CS653129', 'ผู้ขอใช้'),
(4351, 319, '64312995', NULL, 'ผู้ขอใช้'),
(4352, 319, '66313004', NULL, 'ผู้เข้าร่วม'),
(4353, 319, '67313011', NULL, 'ผู้เข้าร่วม'),
(4354, 320, NULL, 'CS663129', 'ผู้ขอใช้'),
(4355, 321, '65312994', NULL, 'ผู้ขอใช้'),
(4356, 322, '65312994', NULL, 'ผู้ขอใช้'),
(4357, 322, '64313001', NULL, 'ผู้เข้าร่วม'),
(4358, 322, '66313004', NULL, 'ผู้เข้าร่วม'),
(4359, 322, '64312995', NULL, 'ผู้เข้าร่วม'),
(4360, 322, '66313007', NULL, 'ผู้เข้าร่วม'),
(4361, 322, '64312995', NULL, 'ผู้เข้าร่วม'),
(4362, 323, NULL, 'CS673129', 'ผู้ขอใช้'),
(4363, 324, '65312994', NULL, 'ผู้ขอใช้'),
(4364, 324, '65313006', NULL, 'ผู้เข้าร่วม'),
(4365, 324, '66312993', NULL, 'ผู้เข้าร่วม'),
(4366, 325, NULL, 'CS673129', 'ผู้ขอใช้'),
(4367, 326, '65312997', NULL, 'ผู้ขอใช้'),
(4368, 327, '65312994', NULL, 'ผู้ขอใช้'),
(4369, 327, '65312997', NULL, 'ผู้เข้าร่วม'),
(4370, 328, '65312994', NULL, 'ผู้ขอใช้'),
(4371, 328, '64313005', NULL, 'ผู้เข้าร่วม'),
(4372, 328, '67313008', NULL, 'ผู้เข้าร่วม'),
(4373, 328, '64313012', NULL, 'ผู้เข้าร่วม'),
(4374, 328, '65313009', NULL, 'ผู้เข้าร่วม'),
(4375, 328, '66313007', NULL, 'ผู้เข้าร่วม'),
(4376, 328, '66312993', NULL, 'ผู้เข้าร่วม'),
(4377, 328, '66312993', NULL, 'ผู้เข้าร่วม'),
(4378, 329, NULL, 'CS673129', 'ผู้ขอใช้'),
(4379, 330, NULL, 'CS663129', 'ผู้ขอใช้'),
(4380, 331, '65312994', NULL, 'ผู้ขอใช้'),
(4381, 331, '64313005', NULL, 'ผู้เข้าร่วม'),
(4382, 331, '64313005', NULL, 'ผู้เข้าร่วม'),
(4383, 331, '64313001', NULL, 'ผู้เข้าร่วม'),
(4384, 331, '67313011', NULL, 'ผู้เข้าร่วม'),
(4385, 331, '65313003', NULL, 'ผู้เข้าร่วม'),
(4386, 331, '65313003', NULL, 'ผู้เข้าร่วม'),
(4387, 331, '64312995', NULL, 'ผู้เข้าร่วม'),
(4388, 332, '65312997', NULL, 'ผู้ขอใช้'),
(4389, 332, '67313011', NULL, 'ผู้เข้าร่วม'),
(4390, 332, '64313005', NULL, 'ผู้เข้าร่วม'),
(4391, 332, '65313000', NULL, 'ผู้เข้าร่วม'),
(4392, 332, '64313005', NULL, 'ผู้เข้าร่วม');

-- --------------------------------------------------------

--
-- Table structure for table `room_schedule`
--

CREATE TABLE `room_schedule` (
  `room_schedule_id` int NOT NULL,
  `room_id` varchar(6) NOT NULL,
  `week_day` enum('จันทร์','อังคาร','พุธ','พฤหัสบดี','ศุกร์','เสาร์','อาทิตย์') DEFAULT NULL,
  `schedule_date` date DEFAULT NULL,
  `start_time` time NOT NULL,
  `end_time` time NOT NULL,
  `room_status` enum('มีเรียน','ว่าง','ไม่ว่าง','กำลังปรับปรุง') DEFAULT NULL
) ENGINE=InnoDB DEFAULT CHARSET=utf8mb4 COLLATE=utf8mb4_0900_ai_ci;

--
-- Dumping data for table `room_schedule`
--

INSERT INTO `room_schedule` (`room_schedule_id`, `room_id`, `week_day`, `schedule_date`, `start_time`, `end_time`, `room_status`) VALUES
(1, '307', 'จันทร์', NULL, '10:00:00', '11:00:00', 'มีเรียน'),
(2, '307', 'จันทร์', NULL, '11:00:00', '12:00:00', 'มีเรียน'),
(3, '307', 'จันทร์', NULL, '13:00:00', '14:00:00', 'มีเรียน'),
(4, '307', 'จันทร์', NULL, '14:00:00', '15:00:00', 'มีเรียน'),
(5, '307', 'จันทร์', NULL, '15:00:00', '16:00:00', 'มีเรียน'),
(6, '307', 'จันทร์', NULL, '16:00:00', '17:00:00', 'มีเรียน'),
(7, '307', 'อังคาร', NULL, '08:00:00', '09:00:00', 'มีเรียน'),
(8, '307', 'อังคาร', NULL, '09:00:00', '10:00:00', 'มีเรียน'),
(9, '307', 'อังคาร', NULL, '13:00:00', '14:00:00', 'มีเรียน'),
(10, '307', 'อังคาร', NULL, '14:00:00', '15:00:00', 'มีเรียน'),
(11, '307', 'อังคาร', NULL, '15:00:00', '16:00:00', 'มีเรียน'),
(12, '307', 'อังคาร', NULL, '16:00:00', '17:00:00', 'มีเรียน'),
(13, '307', 'พุธ', NULL, '08:00:00', '09:00:00', 'มีเรียน'),
(14, '307', 'พุธ', NULL, '09:00:00', '10:00:00', 'มีเรียน'),
(15, '307', 'พุธ', NULL, '10:00:00', '11:00:00', 'มีเรียน'),
(16, '307', 'พุธ', NULL, '11:00:00', '12:00:00', 'มีเรียน'),
(17, '307', 'พุธ', NULL, '13:00:00', '14:00:00', 'มีเรียน'),
(18, '307', 'พุธ', NULL, '14:00:00', '15:00:00', 'มีเรียน'),
(19, '307', 'พุธ', NULL, '15:00:00', '16:00:00', 'มีเรียน'),
(20, '307', 'พุธ', NULL, '16:00:00', '17:00:00', 'มีเรียน'),
(21, '307', 'พฤหัสบดี', NULL, '08:00:00', '09:00:00', 'มีเรียน'),
(22, '307', 'พฤหัสบดี', NULL, '09:00:00', '10:00:00', 'มีเรียน'),
(23, '307', 'พฤหัสบดี', NULL, '10:00:00', '11:00:00', 'มีเรียน'),
(24, '307', 'พฤหัสบดี', NULL, '11:00:00', '12:00:00', 'มีเรียน'),
(25, '307', 'พฤหัสบดี', NULL, '13:00:00', '14:00:00', 'มีเรียน'),
(26, '307', 'พฤหัสบดี', NULL, '14:00:00', '15:00:00', 'มีเรียน'),
(27, '307', 'พฤหัสบดี', NULL, '15:00:00', '16:00:00', 'มีเรียน'),
(28, '307', 'พฤหัสบดี', NULL, '16:00:00', '17:00:00', 'มีเรียน'),
(29, '307', 'ศุกร์', NULL, '10:00:00', '11:00:00', 'มีเรียน'),
(30, '307', 'ศุกร์', NULL, '11:00:00', '12:00:00', 'มีเรียน'),
(31, '307', 'ศุกร์', NULL, '15:00:00', '16:00:00', 'มีเรียน'),
(32, '307', 'ศุกร์', NULL, '16:00:00', '17:00:00', 'มีเรียน'),
(33, '308', 'จันทร์', NULL, '15:00:00', '16:00:00', 'มีเรียน'),
(34, '308', 'จันทร์', NULL, '16:00:00', '17:00:00', 'มีเรียน'),
(35, '308', 'อังคาร', NULL, '15:00:00', '16:00:00', 'มีเรียน'),
(36, '308', 'อังคาร', NULL, '16:00:00', '17:00:00', 'มีเรียน'),
(37, '308', 'พุธ', NULL, '10:00:00', '11:00:00', 'มีเรียน'),
(38, '308', 'พุธ', NULL, '11:00:00', '12:00:00', 'มีเรียน'),
(39, '308', 'พฤหัสบดี', NULL, '10:00:00', '11:00:00', 'มีเรียน'),
(40, '308', 'พฤหัสบดี', NULL, '11:00:00', '12:00:00', 'มีเรียน'),
(41, '308', 'ศุกร์', NULL, '10:00:00', '11:00:00', 'มีเรียน'),
(42, '308', 'ศุกร์', NULL, '11:00:00', '12:00:00', 'มีเรียน'),
(43, '408', 'จันทร์', NULL, '10:00:00', '11:00:00', 'มีเรียน'),
(44, '408', 'จันทร์', NULL, '11:00:00', '12:00:00', 'มีเรียน'),
(45, '408', 'จันทร์', NULL, '13:00:00', '14:00:00', 'มีเรียน'),
(46, '408', 'จันทร์', NULL, '14:00:00', '15:00:00', 'มีเรียน'),
(47, '408', 'จันทร์', NULL, '15:00:00', '16:00:00', 'มีเรียน'),
(48, '408', 'จันทร์', NULL, '16:00:00', '17:00:00', 'มีเรียน'),
(49, '408', 'อังคาร', NULL, '08:00:00', '09:00:00', 'มีเรียน'),
(50, '408', 'อังคาร', NULL, '09:00:00', '10:00:00', 'มีเรียน'),
(51, '408', 'อังคาร', NULL, '13:00:00', '14:00:00', 'มีเรียน'),
(52, '408', 'อังคาร', NULL, '14:00:00', '15:00:00', 'มีเรียน'),
(53, '408', 'อังคาร', NULL, '15:00:00', '16:00:00', 'มีเรียน'),
(54, '408', 'อังคาร', NULL, '16:00:00', '17:00:00', 'มีเรียน'),
(55, '408', 'พุธ', NULL, '08:00:00', '09:00:00', 'มีเรียน'),
(56, '408', 'พุธ', NULL, '09:00:00', '10:00:00', 'มีเรียน'),
(57, '408', 'พุธ', NULL, '10:00:00', '11:00:00', 'มีเรียน'),
(58, '408', 'พุธ', NULL, '11:00:00', '12:00:00', 'มีเรียน'),
(59, '408', 'พุธ', NULL, '13:00:00', '14:00:00', 'มีเรียน'),
(60, '408', 'พุธ', NULL, '14:00:00', '15:00:00', 'มีเรียน'),
(61, '408', 'พุธ', NULL, '15:00:00', '16:00:00', 'มีเรียน'),
(62, '408', 'พุธ', NULL, '16:00:00', '17:00:00', 'มีเรียน'),
(63, '408', 'พฤหัสบดี', NULL, '08:00:00', '09:00:00', 'มีเรียน'),
(64, '408', 'พฤหัสบดี', NULL, '09:00:00', '10:00:00', 'มีเรียน'),
(65, '408', 'พฤหัสบดี', NULL, '10:00:00', '11:00:00', 'มีเรียน'),
(66, '408', 'พฤหัสบดี', NULL, '11:00:00', '12:00:00', 'มีเรียน'),
(67, '408', 'พฤหัสบดี', NULL, '13:00:00', '14:00:00', 'มีเรียน'),
(68, '408', 'พฤหัสบดี', NULL, '14:00:00', '15:00:00', 'มีเรียน'),
(69, '408', 'ศุกร์', NULL, '08:00:00', '09:00:00', 'มีเรียน'),
(70, '408', 'ศุกร์', NULL, '09:00:00', '10:00:00', 'มีเรียน'),
(71, '408', 'ศุกร์', NULL, '10:00:00', '11:00:00', 'มีเรียน'),
(72, '408', 'ศุกร์', NULL, '11:00:00', '12:00:00', 'มีเรียน'),
(73, '408', 'ศุกร์', NULL, '13:00:00', '14:00:00', 'มีเรียน'),
(74, '408', 'ศุกร์', NULL, '14:00:00', '15:00:00', 'มีเรียน'),
(75, '408', 'ศุกร์', NULL, '15:00:00', '16:00:00', 'มีเรียน'),
(76, '408', 'ศุกร์', NULL, '16:00:00', '17:00:00', 'มีเรียน'),
(77, '414', 'จันทร์', NULL, '10:00:00', '11:00:00', 'มีเรียน'),
(78, '414', 'จันทร์', NULL, '11:00:00', '12:00:00', 'มีเรียน'),
(79, '414', 'อังคาร', NULL, '13:00:00', '14:00:00', 'มีเรียน'),
(80, '414', 'อังคาร', NULL, '14:00:00', '15:00:00', 'มีเรียน'),
(81, '414', 'อังคาร', NULL, '15:00:00', '16:00:00', 'มีเรียน'),
(82, '414', 'อังคาร', NULL, '16:00:00', '17:00:00', 'มีเรียน'),
(83, '414', 'พุธ', NULL, '08:00:00', '09:00:00', 'มีเรียน'),
(84, '414', 'พุธ', NULL, '09:00:00', '10:00:00', 'มีเรียน'),
(85, '414', 'พุธ', NULL, '10:00:00', '11:00:00', 'มีเรียน'),
(86, '414', 'พุธ', NULL, '11:00:00', '12:00:00', 'มีเรียน'),
(87, '414', 'พุธ', NULL, '13:00:00', '14:00:00', 'มีเรียน'),
(88, '414', 'พุธ', NULL, '14:00:00', '15:00:00', 'มีเรียน'),
(89, '414', 'พุธ', NULL, '15:00:00', '16:00:00', 'มีเรียน'),
(90, '414', 'พุธ', NULL, '16:00:00', '17:00:00', 'มีเรียน'),
(91, '414', 'พฤหัสบดี', NULL, '08:00:00', '09:00:00', 'มีเรียน'),
(92, '414', 'พฤหัสบดี', NULL, '09:00:00', '10:00:00', 'มีเรียน'),
(93, '414', 'พฤหัสบดี', NULL, '10:00:00', '11:00:00', 'มีเรียน'),
(94, '414', 'พฤหัสบดี', NULL, '11:00:00', '12:00:00', 'มีเรียน'),
(95, '414', 'พฤหัสบดี', NULL, '13:00:00', '14:00:00', 'มีเรียน'),
(96, '414', 'พฤหัสบดี', NULL, '14:00:00', '15:00:00', 'มีเรียน'),
(97, '414', 'พฤหัสบดี', NULL, '15:00:00', '16:00:00', 'มีเรียน'),
(98, '414', 'พฤหัสบดี', NULL, '16:00:00', '17:00:00', 'มีเรียน'),
(99, '414', 'ศุกร์', NULL, '08:00:00', '09:00:00', 'มีเรียน'),
(100, '414', 'ศุกร์', NULL, '09:00:00', '10:00:00', 'มีเรียน'),
(101, '414', 'ศุกร์', NULL, '10:00:00', '11:00:00', 'มีเรียน'),
(102, '414', 'ศุกร์', NULL, '11:00:00', '12:00:00', 'มีเรียน'),
(103, '414', 'ศุกร์', NULL, '13:00:00', '14:00:00', 'มีเรียน'),
(104, '414', 'ศุกร์', NULL, '14:00:00', '15:00:00', 'มีเรียน'),
(105, '414', 'ศุกร์', NULL, '15:00:00', '16:00:00', 'มีเรียน'),
(106, '414', 'ศุกร์', NULL, '16:00:00', '17:00:00', 'มีเรียน'),
(180, '307', 'จันทร์', NULL, '08:00:00', '09:00:00', 'มีเรียน'),
(182, '307', 'ศุกร์', NULL, '13:00:00', '14:00:00', 'มีเรียน');

-- --------------------------------------------------------

--
-- Table structure for table `room_type`
--

CREATE TABLE `room_type` (
  `room_type_id` int NOT NULL,
  `type_name` enum('ห้องเลคเชอร์','ห้องปฎิบัติการ','Co-working Space','Studio Room') NOT NULL
) ENGINE=InnoDB DEFAULT CHARSET=utf8mb4 COLLATE=utf8mb4_0900_ai_ci;

--
-- Dumping data for table `room_type`
--

INSERT INTO `room_type` (`room_type_id`, `type_name`) VALUES
(1, 'ห้องเลคเชอร์'),
(2, 'ห้องปฎิบัติการ'),
(3, 'Co-working Space'),
(4, 'Studio Room');

-- --------------------------------------------------------

--
-- Table structure for table `student`
--

CREATE TABLE `student` (
  `student_id` varchar(8) NOT NULL,
  `full_name` varchar(100) NOT NULL,
  `department` varchar(100) NOT NULL,
  `faculty` varchar(100) NOT NULL,
  `study_year` int NOT NULL,
  `degree` enum('ปริญญาตรี','ปริญญาโท','ปริญญาเอก') NOT NULL,
  `email` varchar(100) NOT NULL,
  `phone_number` varchar(10) NOT NULL,
  `role` enum('นิสิต') NOT NULL
) ENGINE=InnoDB DEFAULT CHARSET=utf8mb4 COLLATE=utf8mb4_0900_ai_ci;

--
-- Dumping data for table `student`
--

INSERT INTO `student` (`student_id`, `full_name`, `department`, `faculty`, `study_year`, `degree`, `email`, `phone_number`, `role`) VALUES
('64312995', 'สุกานดา ศรีประเสริฐ', 'เทคโนโลยีสารสนเทศ', 'คณะวิทยาศาสตร์', 4, 'ปริญญาตรี', 'sukanda.s@example.com', '0814567890', 'นิสิต'),
('64312998', 'เกรียงไกร วิชชุภักดี', 'เทคโนโลยีสารสนเทศ', 'คณะวิทยาศาสตร์', 4, 'ปริญญาตรี', 'kriengkhai.w@example.com', '0817890123', 'นิสิต'),
('64313001', 'พิมพ์ชนก ลีลาชัย', 'เทคโนโลยีสารสนเทศ', 'คณะวิทยาศาสตร์', 4, 'ปริญญาตรี', 'phimchanok.l@example.com', '0820123456', 'นิสิต'),
('64313005', 'รติพร บุญส่ง', 'วิทยาการคอมพิวเตอร์', 'คณะวิทยาศาสตร์', 4, 'ปริญญาตรี', 'ratiporn.b@example.com', '0824567890', 'นิสิต'),
('64313012', 'กิตติพงษ์ กองแก้ว', 'วิทยาการข้อมูล', 'คณะวิทยาศาสตร์', 4, 'ปริญญาตรี', 'kittipong.k@example.com', '0831234567', 'นิสิต'),
('65312993', 'ปัญญากร ทิมจันทึก', 'วิทยาการคอมพิวเตอร์', 'คณะวิทยาศาสตร์', 3, 'ปริญญาตรี', 'panyakornt65@nu.ac.th', '0830250994', 'นิสิต'),
('65312994', 'สมหญิง รุ่งโรจน์', 'วิทยาการข้อมูล', 'คณะวิทยาศาสตร์', 3, 'ปริญญาตรี', 'somhun.r@example.com', '0813456789', 'นิสิต'),
('65312997', 'นภัสวรรณ บัวทอง', 'วิทยาการข้อมูล', 'คณะวิทยาศาสตร์', 3, 'ปริญญาตรี', 'napatsawan.b@example.com', '0816789012', 'นิสิต'),
('65313000', 'ธนากร สุดใจ', 'วิทยาการข้อมูล', 'คณะวิทยาศาสตร์', 3, 'ปริญญาตรี', 'thanakorn.s@example.com', '0819012345', 'นิสิต'),
('65313003', 'ปิยาพร มั่นคง', 'วิทยาการข้อมูล', 'คณะวิทยาศาสตร์', 3, 'ปริญญาตรี', 'piyaporn.m@example.com', '0822345678', 'นิสิต'),
('65313006', 'ดวงใจ กาญจนารักษ์', 'วิทยาการข้อมูล', 'คณะวิทยาศาสตร์', 3, 'ปริญญาตรี', 'duangjai.k@example.com', '0825678901', 'นิสิต'),
('65313009', 'ศิริรัตน์ สมบัติ', 'วิทยาการข้อมูล', 'คณะวิทยาศาสตร์', 3, 'ปริญญาตรี', 'sirirat.s@example.com', '0828901234', 'นิสิต'),
('66312993', 'สมชาย พันธ์ดี', 'วิทยาการคอมพิวเตอร์', 'คณะวิทยาศาสตร์', 2, 'ปริญญาตรี', 'somchai.p@example.com', '0812345678', 'นิสิต'),
('66312996', 'อภิชาติ สุขสม', 'วิทยาการคอมพิวเตอร์', 'คณะวิทยาศาสตร์', 2, 'ปริญญาตรี', 'apichat.s@example.com', '0815678901', 'นิสิต'),
('66313004', 'วัชรินทร์ ศรีนวล', 'เทคโนโลยีสารสนเทศ', 'คณะวิทยาศาสตร์', 2, 'ปริญญาตรี', 'watcharin.s@example.com', '0823456789', 'นิสิต'),
('66313007', 'ธนภัทร พานิช', 'เทคโนโลยีสารสนเทศ', 'คณะวิทยาศาสตร์', 2, 'ปริญญาตรี', 'thanapat.p@example.com', '0826789012', 'นิสิต'),
('66313010', 'อมรเทพ ไชยวัฒน์', 'เทคโนโลยีสารสนเทศ', 'คณะวิทยาศาสตร์', 2, 'ปริญญาตรี', 'amorntep.c@example.com', '0829012345', 'นิสิต'),
('67312999', 'เมธาวี จันทรา', 'วิทยาการคอมพิวเตอร์', 'คณะวิทยาศาสตร์', 1, 'ปริญญาตรี', 'methawi.c@example.com', '0818901234', 'นิสิต'),
('67313002', 'อรพรรณ แสงสุริยะ', 'วิทยาการคอมพิวเตอร์', 'คณะวิทยาศาสตร์', 1, 'ปริญญาตรี', 'orapan.s@example.com', '0821234567', 'นิสิต'),
('67313008', 'พุฒิพงษ์ เพ็ชรชม', 'วิทยาการคอมพิวเตอร์', 'คณะวิทยาศาสตร์', 1, 'ปริญญาตรี', 'puttipong.p@example.com', '0827890123', 'นิสิต'),
('67313011', 'บุญช่วย ศรีสวัสดิ์', 'วิทยาการคอมพิวเตอร์', 'คณะวิทยาศาสตร์', 1, 'ปริญญาตรี', 'bunchuai.s@example.com', '0830123456', 'นิสิต');

-- --------------------------------------------------------

--
-- Table structure for table `teacher`
--

CREATE TABLE `teacher` (
  `teacher_id` varchar(8) NOT NULL,
  `full_name` varchar(100) NOT NULL,
  `department` varchar(100) NOT NULL,
  `faculty` varchar(100) NOT NULL,
  `email` varchar(100) NOT NULL,
  `phone_number` varchar(10) NOT NULL,
  `role` enum('อาจารย์') NOT NULL
) ENGINE=InnoDB DEFAULT CHARSET=utf8mb4 COLLATE=utf8mb4_0900_ai_ci;

--
-- Dumping data for table `teacher`
--

INSERT INTO `teacher` (`teacher_id`, `full_name`, `department`, `faculty`, `email`, `phone_number`, `role`) VALUES
('CS653129', 'สมชาย พันธ์ดี', 'วิทยาการคอมพิวเตอร์', 'คณะวิทยาศาสตร์', 'somchai.p.teacher@example.com', '0912345678', 'อาจารย์'),
('CS663129', 'อภิชาติ สุขสม', 'วิทยาการคอมพิวเตอร์', 'คณะวิทยาศาสตร์', 'apichat.s.teacher@example.com', '0915678901', 'อาจารย์'),
('CS673129', 'เมธาวี จันทรา', 'วิทยาการคอมพิวเตอร์', 'คณะวิทยาศาสตร์', 'methawi.c.teacher@example.com', '0918901234', 'อาจารย์'),
('CS673131', 'อรพรรณ แสงสุริยะ', 'วิทยาการคอมพิวเตอร์', 'คณะวิทยาศาสตร์', 'orapan.s.teacher@example.com', '0921234567', 'อาจารย์'),
('CS874569', 'พรชัย หอมสิน', 'วิทยาการคอมพิวเตอร์', 'คณะวิทยาศาสตร์', 'pronchai@nu.ac.th', '02356231', 'อาจารย์'),
('DS653129', 'สมหญิง รุ่งโรจน์', 'วิทยาการข้อมูล', 'คณะวิทยาศาสตร์', 'somhun.r.teacher@example.com', '0913456789', 'อาจารย์'),
('DS663129', 'นภัสวรรณ บัวทอง', 'วิทยาการข้อมูล', 'คณะวิทยาศาสตร์', 'napatsawan.b.teacher@example.com', '0916789012', 'อาจารย์'),
('DS673130', 'อาร์ม เพื่อน', 'วิทยาการข้อมูล', 'คณะวิทยาศาสตร์', 'thanakorn.s.teacher@example.com', '0919012345', 'อาจารย์'),
('IT653129', 'สุกานดา ศรีประเสริฐ', 'เทคโนโลยีสารสนเทศ', 'คณะวิทยาศาสตร์', 'sukanda.s.teacher@example.com', '0914567890', 'อาจารย์'),
('IT663129', 'เกรียงไกร วิชชุภักดี', 'เทคโนโลยีสารสนเทศ', 'คณะวิทยาศาสตร์', 'kriengkhai.w.teacher@example.com', '0917890123', 'อาจารย์'),
('IT673130', 'พิมพ์ชนก ลีลาชัย', 'เทคโนโลยีสารสนเทศ', 'คณะวิทยาศาสตร์', 'phimchanok.l.teacher@example.com', '0920123456', 'อาจารย์');

-- --------------------------------------------------------

--
-- Table structure for table `user`
--

CREATE TABLE `user` (
  `username` varchar(8) NOT NULL,
  `password` varchar(255) NOT NULL,
  `role` enum('ผู้ดูแลห้อง','อาจารย์','นิสิต','ผู้บริหาร') NOT NULL
) ENGINE=InnoDB DEFAULT CHARSET=utf8mb4 COLLATE=utf8mb4_0900_ai_ci;

--
-- Dumping data for table `user`
--

INSERT INTO `user` (`username`, `password`, `role`) VALUES
('64312995', '1234', 'นิสิต'),
('65312993', '1234', 'นิสิต'),
('65312994', '1234', 'นิสิต'),
('65312997', '1234', 'นิสิต'),
('ADCS5624', '1234', 'ผู้ดูแลห้อง'),
('ADCS7823', '1234', 'ผู้ดูแลห้อง'),
('CS653129', '1234', 'อาจารย์'),
('CS663129', '1234', 'อาจารย์'),
('CS673129', '1234', 'อาจารย์'),
('CS874569', '1234', 'อาจารย์'),
('CSB15430', '1234', 'ผู้บริหาร'),
('CSB25645', '1234', 'ผู้บริหาร');

--
-- Indexes for dumped tables
--

--
-- Indexes for table `admin`
--
ALTER TABLE `admin`
  ADD PRIMARY KEY (`admin_id`);

--
-- Indexes for table `computer_management`
--
ALTER TABLE `computer_management`
  ADD PRIMARY KEY (`computer_id`,`room_id`),
  ADD KEY `room_id` (`room_id`);

--
-- Indexes for table `equipment`
--
ALTER TABLE `equipment`
  ADD PRIMARY KEY (`equipment_id`);

--
-- Indexes for table `equipment_brokened`
--
ALTER TABLE `equipment_brokened`
  ADD PRIMARY KEY (`repair_number`),
  ADD KEY `student_id` (`student_id`),
  ADD KEY `teacher_id` (`teacher_id`),
  ADD KEY `room_id` (`room_id`),
  ADD KEY `equipment_id` (`equipment_id`),
  ADD KEY `computer_id` (`computer_id`),
  ADD KEY `admin_id` (`admin_id`);

--
-- Indexes for table `equipment_management`
--
ALTER TABLE `equipment_management`
  ADD PRIMARY KEY (`equipment_id`,`room_id`),
  ADD KEY `room_id` (`room_id`);

--
-- Indexes for table `executive`
--
ALTER TABLE `executive`
  ADD PRIMARY KEY (`executive_id`);

--
-- Indexes for table `room`
--
ALTER TABLE `room`
  ADD PRIMARY KEY (`room_id`),
  ADD KEY `room_type_id` (`room_type_id`);

--
-- Indexes for table `room_request`
--
ALTER TABLE `room_request`
  ADD PRIMARY KEY (`room_request_id`),
  ADD KEY `room_id` (`room_id`),
  ADD KEY `student_id` (`student_id`),
  ADD KEY `teacher_id` (`teacher_id`),
  ADD KEY `admin_id` (`admin_id`),
  ADD KEY `executive_id` (`executive_id`);

--
-- Indexes for table `room_request_computer`
--
ALTER TABLE `room_request_computer`
  ADD PRIMARY KEY (`room_request_id`,`computer_id`),
  ADD KEY `computer_id` (`computer_id`,`room_id`),
  ADD KEY `room_id` (`room_id`);

--
-- Indexes for table `room_request_equipment`
--
ALTER TABLE `room_request_equipment`
  ADD PRIMARY KEY (`room_request_id`,`equipment_id`),
  ADD KEY `room_id` (`room_id`),
  ADD KEY `equipment_id` (`equipment_id`,`room_id`);

--
-- Indexes for table `room_request_participant`
--
ALTER TABLE `room_request_participant`
  ADD PRIMARY KEY (`room_request_participant_id`),
  ADD KEY `room_request_id` (`room_request_id`),
  ADD KEY `student_id` (`student_id`),
  ADD KEY `teacher_id` (`teacher_id`);

--
-- Indexes for table `room_schedule`
--
ALTER TABLE `room_schedule`
  ADD PRIMARY KEY (`room_schedule_id`),
  ADD KEY `room_id` (`room_id`);

--
-- Indexes for table `room_type`
--
ALTER TABLE `room_type`
  ADD PRIMARY KEY (`room_type_id`);

--
-- Indexes for table `student`
--
ALTER TABLE `student`
  ADD PRIMARY KEY (`student_id`);

--
-- Indexes for table `teacher`
--
ALTER TABLE `teacher`
  ADD PRIMARY KEY (`teacher_id`);

--
-- Indexes for table `user`
--
ALTER TABLE `user`
  ADD PRIMARY KEY (`username`);

--
-- AUTO_INCREMENT for dumped tables
--

--
-- AUTO_INCREMENT for table `equipment`
--
ALTER TABLE `equipment`
  MODIFY `equipment_id` int NOT NULL AUTO_INCREMENT, AUTO_INCREMENT=18;

--
-- AUTO_INCREMENT for table `room_request_participant`
--
ALTER TABLE `room_request_participant`
  MODIFY `room_request_participant_id` int NOT NULL AUTO_INCREMENT, AUTO_INCREMENT=4393;

--
-- AUTO_INCREMENT for table `room_schedule`
--
ALTER TABLE `room_schedule`
  MODIFY `room_schedule_id` int NOT NULL AUTO_INCREMENT, AUTO_INCREMENT=184;

--
-- AUTO_INCREMENT for table `room_type`
--
ALTER TABLE `room_type`
  MODIFY `room_type_id` int NOT NULL AUTO_INCREMENT, AUTO_INCREMENT=5;

--
-- Constraints for dumped tables
--

--
-- Constraints for table `computer_management`
--
ALTER TABLE `computer_management`
  ADD CONSTRAINT `computer_management_ibfk_1` FOREIGN KEY (`room_id`) REFERENCES `room` (`room_id`);

--
-- Constraints for table `equipment_brokened`
--
ALTER TABLE `equipment_brokened`
  ADD CONSTRAINT `equipment_brokened_ibfk_1` FOREIGN KEY (`student_id`) REFERENCES `student` (`student_id`),
  ADD CONSTRAINT `equipment_brokened_ibfk_2` FOREIGN KEY (`teacher_id`) REFERENCES `teacher` (`teacher_id`),
  ADD CONSTRAINT `equipment_brokened_ibfk_3` FOREIGN KEY (`room_id`) REFERENCES `room` (`room_id`),
  ADD CONSTRAINT `equipment_brokened_ibfk_4` FOREIGN KEY (`equipment_id`) REFERENCES `equipment` (`equipment_id`),
  ADD CONSTRAINT `equipment_brokened_ibfk_5` FOREIGN KEY (`computer_id`) REFERENCES `computer_management` (`computer_id`),
  ADD CONSTRAINT `equipment_brokened_ibfk_6` FOREIGN KEY (`admin_id`) REFERENCES `admin` (`admin_id`);

--
-- Constraints for table `equipment_management`
--
ALTER TABLE `equipment_management`
  ADD CONSTRAINT `equipment_management_ibfk_1` FOREIGN KEY (`equipment_id`) REFERENCES `equipment` (`equipment_id`),
  ADD CONSTRAINT `equipment_management_ibfk_2` FOREIGN KEY (`room_id`) REFERENCES `room` (`room_id`);

--
-- Constraints for table `room`
--
ALTER TABLE `room`
  ADD CONSTRAINT `room_ibfk_1` FOREIGN KEY (`room_type_id`) REFERENCES `room_type` (`room_type_id`);

--
-- Constraints for table `room_request`
--
ALTER TABLE `room_request`
  ADD CONSTRAINT `room_request_ibfk_1` FOREIGN KEY (`room_id`) REFERENCES `room` (`room_id`),
  ADD CONSTRAINT `room_request_ibfk_2` FOREIGN KEY (`student_id`) REFERENCES `student` (`student_id`),
  ADD CONSTRAINT `room_request_ibfk_3` FOREIGN KEY (`teacher_id`) REFERENCES `teacher` (`teacher_id`),
  ADD CONSTRAINT `room_request_ibfk_4` FOREIGN KEY (`admin_id`) REFERENCES `admin` (`admin_id`),
  ADD CONSTRAINT `room_request_ibfk_5` FOREIGN KEY (`executive_id`) REFERENCES `executive` (`executive_id`);

--
-- Constraints for table `room_request_computer`
--
ALTER TABLE `room_request_computer`
  ADD CONSTRAINT `room_request_computer_ibfk_1` FOREIGN KEY (`computer_id`,`room_id`) REFERENCES `computer_management` (`computer_id`, `room_id`),
  ADD CONSTRAINT `room_request_computer_ibfk_2` FOREIGN KEY (`room_request_id`) REFERENCES `room_request` (`room_request_id`),
  ADD CONSTRAINT `room_request_computer_ibfk_3` FOREIGN KEY (`room_id`) REFERENCES `room` (`room_id`);

--
-- Constraints for table `room_request_equipment`
--
ALTER TABLE `room_request_equipment`
  ADD CONSTRAINT `room_request_equipment_ibfk_1` FOREIGN KEY (`room_request_id`) REFERENCES `room_request` (`room_request_id`),
  ADD CONSTRAINT `room_request_equipment_ibfk_2` FOREIGN KEY (`equipment_id`) REFERENCES `equipment` (`equipment_id`),
  ADD CONSTRAINT `room_request_equipment_ibfk_3` FOREIGN KEY (`room_id`) REFERENCES `room` (`room_id`),
  ADD CONSTRAINT `room_request_equipment_ibfk_4` FOREIGN KEY (`equipment_id`,`room_id`) REFERENCES `equipment_management` (`equipment_id`, `room_id`);

--
-- Constraints for table `room_request_participant`
--
ALTER TABLE `room_request_participant`
  ADD CONSTRAINT `room_request_participant_ibfk_1` FOREIGN KEY (`room_request_id`) REFERENCES `room_request` (`room_request_id`),
  ADD CONSTRAINT `room_request_participant_ibfk_2` FOREIGN KEY (`student_id`) REFERENCES `student` (`student_id`),
  ADD CONSTRAINT `room_request_participant_ibfk_3` FOREIGN KEY (`teacher_id`) REFERENCES `teacher` (`teacher_id`);

--
-- Constraints for table `room_schedule`
--
ALTER TABLE `room_schedule`
  ADD CONSTRAINT `room_schedule_ibfk_1` FOREIGN KEY (`room_id`) REFERENCES `room` (`room_id`);
COMMIT;

/*!40101 SET CHARACTER_SET_CLIENT=@OLD_CHARACTER_SET_CLIENT */;
/*!40101 SET CHARACTER_SET_RESULTS=@OLD_CHARACTER_SET_RESULTS */;
/*!40101 SET COLLATION_CONNECTION=@OLD_COLLATION_CONNECTION */;
